{
  "destination": "Argentina",
  "region_type": "country",
  "emoji_flag": "🇦🇷",
  "metadata": {
    "highlights": ["Perito Moreno Glacier", "Iguazu Falls", "Buenos Aires Tango"],
    "keywords": ["mate", "asado", "Patagonia", "soccer"]
  },
  "payments": {
    "cash": "Cash in pesos essential. Blue dollar (USD exchange) common.",
    "card": "Cards accepted in cities. Some businesses prefer cash.",
    "mobile": "Mobile payments growing slowly."
  },
  "internet": {
    "sim_esim": "Claro, Movistar, Personal offer SIMs. eSIM possible.",
    "wifi": "Good WiFi in hotels, cafés, restaurants.",
    "avg_speed_mbps": 40,
    "availability": "Decent in cities, poor in Patagonia/remote areas."
  },
  "transport": {
    "passes": "SUBE card for Buenos Aires metro/buses.",
    "apps": "BA Cómo Llego, Uber (Buenos Aires), Cabify.",
    "quirks": "Distances huge; domestic flights often necessary. Bus terminals busy."
  },
  "culture": {
    "tipping": "10% in restaurants. Round up taxis.",
    "closures": "Shops often close mid-afternoon for siesta.",
    "dress": "Casual, but stylish in Buenos Aires."
  },
  "food_drink": {
    "must_try": ["Asado", "Empanadas", "Milanesa", "Mate"],
    "etiquette": "Sharing mate is cultural. Don't say gracias until finished."
  },
  "budget": {
    "backpacker": "$25–50/day",
    "midrange": "$70–120/day"
  },
  "best_time": "Nov–Mar for Patagonia; Sept–Nov for Buenos Aires.",
  "safety_scams": {
    "common_scams": ["Taxi scams in Buenos Aires", "Currency exchange scams"],
    "safety_notes": "Petty crime in cities. Only exchange money at safe places."
  }
}
