{
  "destination": "Australia",
  "region_type": "country",
  "emoji_flag": "🇦🇺",
  "metadata": {
    "highlights": ["Sydney Opera House", "Great Barrier Reef", "Uluru"],
    "keywords": ["outback", "surfing", "kangaroos", "road trips"]
  },
  "payments": {
    "cash": "Cash (AUD) accepted everywhere but rarely needed in cities.",
    "card": "Visa/Mastercard accepted universally. Contactless (tap & go) standard.",
    "mobile": "Apple Pay, Google Pay, Samsung Pay widely used."
  },
  "internet": {
    "sim_esim": "Telstra, Optus, Vodafone sell prepaid SIMs. eSIM available.",
    "wifi": "Free WiFi in airports, libraries, cafés, and hotels.",
    "avg_speed_mbps": 85,
    "availability": "Excellent in cities, patchy in Outback."
  },
  "transport": {
    "passes": "Opal (Sydney), Myki (Melbourne), Go Card (Queensland).",
    "apps": "Google Maps, TripView, Uber, Ola.",
    "quirks": "Distances huge; domestic flights common. Trains mostly regional."
  },
  "culture": {
    "tipping": "Not mandatory. 10% in restaurants for great service.",
    "closures": "Shops close by 5–6 pm outside cities.",
    "dress": "Casual. Beachwear common on coasts."
  },
  "food_drink": {
    "must_try": ["Meat Pie", "Lamingtons", "Vegemite Toast", "Flat White"],
    "etiquette": "Barbecue culture strong. Bring your own drinks (BYO) common."
  },
  "budget": {
    "backpacker": "$60–100/day",
    "midrange": "$120–200/day"
  },
  "best_time": "Dec–Feb for beaches, Apr–Sep for Outback.",
  "safety_scams": {
    "common_scams": ["Event ticket scams", "Backpacker job scams"],
    "safety_notes": "Wildlife risks (snakes, jellyfish). Cities very safe."
  }
}
