{
  "destination": "Austria",
  "region_type": "country",
  "emoji_flag": "🇦🇹",
  "metadata": {
    "highlights": ["Vienna Opera House", "Hallstatt", "Salzburg Old Town"],
    "keywords": ["classical music", "skiing", "strudel", "Alps"]
  },
  "payments": {
    "cash": "Cash (EUR) still common in rural areas.",
    "card": "Visa/Mastercard accepted in most places. Contactless common.",
    "mobile": "Apple Pay and Google Pay available."
  },
  "internet": {
    "sim_esim": "A1, Magenta, Drei. eSIM supported.",
    "wifi": "Hotels and cafés provide free WiFi.",
    "avg_speed_mbps": 90,
    "availability": "Excellent nationwide."
  },
  "transport": {
    "passes": "ÖBB rail passes and city cards (Vienna, Salzburg).",
    "apps": "ÖBB app (trains), Google Maps, Citymapper.",
    "quirks": "Trains reliable. Alpine buses scenic but slow."
  },
  "culture": {
    "tipping": "5–10% in restaurants. Round up taxis.",
    "closures": "Shops closed Sundays.",
    "dress": "Smart casual in cities. Outdoor wear in Alps."
  },
  "food_drink": {
    "must_try": ["Wiener Schnitzel", "Sachertorte", "Apfelstrudel", "Heuriger Wine"],
    "etiquette": "Coffeehouse culture strong — don't rush."
  },
  "budget": {
    "backpacker": "$50–80/day",
    "midrange": "$100–200/day"
  },
  "best_time": "Apr–Oct for cities. Dec–Mar for skiing.",
  "safety_scams": {
    "common_scams": ["Concert ticket touts in Vienna", "Overpriced horse carriages"],
    "safety_notes": "Very safe. Tourist traps around central Vienna."
  }
}
