{
  "destination": "Belgium",
  "region_type": "country",
  "emoji_flag": "🇧🇪",
  "metadata": {
    "highlights": ["Grand Place Brussels", "Bruges Canals", "Atomium"],
    "keywords": ["beer", "chocolate", "waffles", "castles"]
  },
  "payments": {
    "cash": "Cash (EUR) accepted everywhere but less used.",
    "card": "Visa/Mastercard widely accepted. Contactless common.",
    "mobile": "Apple Pay and Google Pay widely used."
  },
  "internet": {
    "sim_esim": "Proximus, Orange, BASE. eSIM supported.",
    "wifi": "Free WiFi in cafés, hotels, and city centers.",
    "avg_speed_mbps": 110,
    "availability": "Excellent nationwide."
  },
  "transport": {
    "passes": "SNCB rail passes, Brussels/Antwerp metro passes.",
    "apps": "SNCB app, Google Maps, Citymapper.",
    "quirks": "Trains frequent but delays common. Bikes popular in cities."
  },
  "culture": {
    "tipping": "Not required. Round up small bills.",
    "closures": "Shops close by 6–7 pm. Closed Sundays outside tourist zones.",
    "dress": "Smart casual. Practical clothing for cobblestones."
  },
  "food_drink": {
    "must_try": ["Belgian Waffles", "Moules-frites", "Speculoos", "Trappist Beer"],
    "etiquette": "Beer culture strong. Each beer has its own glass."
  },
  "budget": {
    "backpacker": "$50–80/day",
    "midrange": "$100–180/day"
  },
  "best_time": "Apr–Jun and Sept–Oct for mild weather.",
  "safety_scams": {
    "common_scams": ["Pickpockets in Brussels/Bruges", "Overpriced chocolate shops"],
    "safety_notes": "Safe overall. Watch belongings in crowded squares."
  }
}
