{
  "destination": "Belize",
  "region_type": "country",
  "emoji_flag": "🇧🇿",
  "metadata": {
    "highlights": ["Great Blue Hole", "Ambergris Caye", "Mayan Ruins of Caracol"],
    "keywords": ["reef", "Maya", "Creole", "islands"]
  },
  "payments": {
    "cash": "Cash (Belize dollar, pegged to USD) widely used. USD also accepted.",
    "card": "Cards accepted in hotels, resorts, tourist restaurants.",
    "mobile": "Mobile payments limited."
  },
  "internet": {
    "sim_esim": "Digi (BTL) offers prepaid SIMs. eSIM limited.",
    "wifi": "WiFi common in resorts and hotels, but slow.",
    "avg_speed_mbps": 20,
    "availability": "Decent in towns and islands, poor inland."
  },
  "transport": {
    "passes": "No passes. Water taxis connect islands.",
    "apps": "Few apps. Offline maps recommended.",
    "quirks": "Buses are old school buses. Water taxis main link to islands."
  },
  "culture": {
    "tipping": "10% in restaurants. Tips appreciated in tourism industry.",
    "closures": "Shops close early in small towns.",
    "dress": "Casual beachwear on islands. Modest in villages."
  },
  "food_drink": {
    "must_try": ["Rice and Beans", "Fry Jacks", "Conch Fritters", "Belikin Beer"],
    "etiquette": "Meals are informal and social."
  },
  "budget": {
    "backpacker": "$40–70/day",
    "midrange": "$80–150/day"
  },
  "best_time": "Nov–Apr (dry season).",
  "safety_scams": {
    "common_scams": ["Overpriced taxis", "Tourist overcharging"],
    "safety_notes": "Safer than neighbors. Watch belongings in Belize City."
  }
}
