{
  "destination": "Bolivia",
  "region_type": "country",
  "emoji_flag": "🇧🇴",
  "metadata": {
    "highlights": ["Salar de Uyuni", "La Paz Cable Cars", "Lake Titicaca"],
    "keywords": ["altitude", "llamas", "cholitas", "Andes"]
  },
  "payments": {
    "cash": "Cash (boliviano) essential almost everywhere.",
    "card": "Cards accepted in some hotels and restaurants in major cities.",
    "mobile": "Mobile payments uncommon."
  },
  "internet": {
    "sim_esim": "Entel, Tigo, Viva SIMs available. eSIM rare.",
    "wifi": "Hotels and hostels provide WiFi, but often slow.",
    "avg_speed_mbps": 15,
    "availability": "Weak outside La Paz, Santa Cruz, Cochabamba."
  },
  "transport": {
    "passes": "No national pass. Minibuses and colectivos common.",
    "apps": "Very limited. Maps.me useful offline.",
    "quirks": "Altitude sickness is serious. Roads can be dangerous (Yungas Road)."
  },
  "culture": {
    "tipping": "Not common, but round up bills.",
    "closures": "Shops close midday in smaller towns.",
    "dress": "Warm clothing needed at high altitude. Conservative in villages."
  },
  "food_drink": {
    "must_try": ["Salteñas", "Silpancho", "Quinoa Soup", "Api con Pastel"],
    "etiquette": "Food is hearty. Sharing with family common."
  },
  "budget": {
    "backpacker": "$20–35/day",
    "midrange": "$50–90/day"
  },
  "best_time": "May–Oct (dry season, best for salt flats).",
  "safety_scams": {
    "common_scams": ["Fake police asking for documents", "Pickpockets in La Paz"],
    "safety_notes": "Altitude is main health risk. Use trusted tour operators."
  }
}
