{
  "destination": "Brazil",
  "region_type": "country",
  "emoji_flag": "🇧🇷",
  "metadata": {
    "highlights": ["Christ the Redeemer", "Iguazu Falls", "Amazon Rainforest"],
    "keywords": ["samba", "football", "carnival", "caipirinha"]
  },
  "payments": {
    "cash": "Cash needed for markets, kiosks, small towns.",
    "card": "Visa/Mastercard widely accepted. Amex less so.",
    "mobile": "Pix (QR code payment system) extremely popular. Apple/Google Pay limited."
  },
  "internet": {
    "sim_esim": "Claro, Vivo, TIM, Oi sell prepaid SIMs. eSIM available.",
    "wifi": "Free WiFi in malls, cafés, hotels.",
    "avg_speed_mbps": 50,
    "availability": "Good in cities, poor in Amazon/rural."
  },
  "transport": {
    "passes": "No national pass. Domestic flights common due to distances.",
    "apps": "99 Taxi, Uber, Moovit.",
    "quirks": "Traffic jams common in Rio/São Paulo. Long bus rides between cities."
  },
  "culture": {
    "tipping": "10% service charge often included. Extra not required.",
    "closures": "Shops close Sundays. During Carnival, many businesses close.",
    "dress": "Casual and beachwear normal. Conservative in churches."
  },
  "food_drink": {
    "must_try": ["Feijoada", "Pão de Queijo", "Churrasco", "Açaí"],
    "etiquette": "Food is shared. Try caipirinha in social settings."
  },
  "budget": {
    "backpacker": "$30–60/day",
    "midrange": "$80–150/day"
  },
  "best_time": "December–March for beaches; June–Sept for Amazon.",
  "safety_scams": {
    "common_scams": ["ATM skimming", "Pickpockets in Rio beaches", "Fake tour operators"],
    "safety_notes": "Petty theft common. Avoid displaying valuables."
  }
}
