{
  "destination": "Canada",
  "region_type": "country",
  "emoji_flag": "🇨🇦",
  "metadata": {
    "highlights": ["Niagara Falls", "Banff National Park", "CN Tower"],
    "keywords": ["maple syrup", "hockey", "poutine", "wilderness"]
  },
  "payments": {
    "cash": "Cards preferred, but cash accepted everywhere.",
    "card": "Visa/Mastercard widely accepted. Amex works in many places.",
    "mobile": "Apple Pay and Google Pay common in cities."
  },
  "internet": {
    "sim_esim": "Rogers, Telus, Bell prepaid SIMs. eSIM supported.",
    "wifi": "Free WiFi in cafés, malls, hotels.",
    "avg_speed_mbps": 100,
    "availability": "Excellent in cities, limited in remote areas and national parks."
  },
  "transport": {
    "passes": "No national pass. VIA Rail connects major cities. Megabus covers some routes.",
    "apps": "Uber, Lyft, Google Maps, Transit App.",
    "quirks": "Distances are huge; flying often cheaper than trains."
  },
  "culture": {
    "tipping": "15–20% in restaurants. Tips expected for taxis, bars, salons.",
    "closures": "Most shops 9–6. Grocery stores open later.",
    "dress": "Varies by region. Warm clothing essential in winter."
  },
  "food_drink": {
    "must_try": ["Poutine", "Maple Syrup", "Butter Tarts", "Nanaimo Bars"],
    "etiquette": "Politeness valued. Say sorry often."
  },
  "budget": {
    "backpacker": "$60–100/day",
    "midrange": "$120–220/day"
  },
  "best_time": "June–September for outdoors, December–February for skiing.",
  "safety_scams": {
    "common_scams": ["Fake rental listings", "Online ticket scams"],
    "safety_notes": "Very safe overall. Wildlife can be a real danger in national parks."
  }
}
