{
  "destination": "Chile",
  "region_type": "country",
  "emoji_flag": "🇨🇱",
  "metadata": {
    "highlights": ["Atacama Desert", "Torres del Paine", "Easter Island"],
    "keywords": ["wine", "Andes", "Patagonia", "moai"]
  },
  "payments": {
    "cash": "Cash useful in rural areas and markets.",
    "card": "Cards accepted widely in cities.",
    "mobile": "Apple Pay, Google Pay, and QR payments growing."
  },
  "internet": {
    "sim_esim": "Entel, Movistar, Claro, WOM. eSIM available.",
    "wifi": "Free WiFi in hotels, cafés, restaurants.",
    "avg_speed_mbps": 80,
    "availability": "Good in cities; weak in Patagonia and deserts."
  },
  "transport": {
    "passes": "No national pass. Long-distance buses common. LATAM handles many flights.",
    "apps": "Cabify, Uber (semi-legal in some cities).",
    "quirks": "Distances are long. Overnight buses widely used."
  },
  "culture": {
    "tipping": "10% in restaurants. Tips for porters, guides.",
    "closures": "Shops closed Sundays outside major malls.",
    "dress": "Casual. Warm clothing needed for Patagonia."
  },
  "food_drink": {
    "must_try": ["Empanadas", "Asado", "Curanto", "Chilean Wine"],
    "etiquette": "Lunch is main meal. Punctuality less strict than in Europe."
  },
  "budget": {
    "backpacker": "$35–60/day",
    "midrange": "$80–140/day"
  },
  "best_time": "Oct–Mar for Patagonia; year-round for Atacama.",
  "safety_scams": {
    "common_scams": ["Pickpockets in Santiago", "ATM skimming"],
    "safety_notes": "Safe overall. Be cautious at protests/demonstrations."
  }
}
