{
    "destination": "China",
    "region_type": "country",
    "emoji_flag": "🇨🇳",
    "metadata": {
      "highlights": [
        "Great Wall",
        "Terracotta Army",
        "The Bund"
      ],
      "keywords": [
        "high-speed rail",
        "WeChat Pay",
        "hutongs"
      ]
    },
    "payments": {
      "cash": "Cash (RMB/CNY) is becoming rare in big cities. Always carry some for small towns, rural areas, or emergencies.",
      "card": "Foreign Visa/Mastercard often don’t work in shops or on apps. UnionPay is accepted everywhere, but most foreign cards are not UnionPay.",
      "mobile": "WeChat Pay and Alipay dominate daily transactions. As a foreigner, you can now link an international Visa/Mastercard directly in Alipay or WeChat Pay (no Chinese bank account needed). This is the easiest way to pay for transport, food, and shopping."
    },
    "internet": {
      "sim_esim": "Tourist SIMs available at airport counters (China Mobile, China Unicom, China Telecom). Passport required. Expect real-name registration. ESIM supported on newer phones via official carriers. Be prepared for language barriers at purchase.",
      "wifi": "Free WiFi common in hotels, airports, and cafes but requires phone number SMS login. Foreign SIMs may not receive local SMS, so a Chinese SIM is best.",
      "avg_speed_mbps": 80,
      "availability": "Excellent in major cities, 4G/5G coverage widespread. Remote areas like western provinces or rural villages may be slow or spotty. Note: Great Firewall blocks Google, WhatsApp, Instagram, Facebook, YouTube — use a VPN if needed."
    },
    "transport": {
      "passes": "Metro cards (Beijing Yikatong, Shanghai Jiaotong Card, Guangzhou Yang Cheng Tong, etc.) are widely used for subways and buses. But you don’t need the physical card anymore — **Alipay and WeChat Pay can be used directly at metro gates and buses** via QR code or NFC, which is easiest for foreigners.",
      "apps": "For intercity trains, download **12306 (official China Railway app)** or use **Trip.com** in English. Both require your passport details. For taxis, **Didi ride-hailing is fully integrated into Alipay and WeChat Pay** — foreigners can book directly once their card is linked. **Amap (Gaode Maps)** has English support and is more accurate than Google Maps inside China.",
      "quirks": "High-speed trains are world-class (300 km/h+), but you must present your passport with your ticket. Tickets can sell out around holidays — book early. Train stations have airport-style security: baggage scanners, ID checks, long walking distances. Subway systems are modern, clean, and cheap — but many close by 11 pm. In taxis, insist on the meter (fake taxis target foreigners at airports)."
    },
    "culture": {
      "tipping": "Not customary. Don’t tip in restaurants or taxis. Upscale hotels may add a 10–15% service fee automatically.",
      "closures": "Most stores stay open late (until 10 pm). Major tourist sites often closed on Mondays. During Lunar New Year (Jan/Feb), many restaurants and shops shut down, and trains are fully booked.",
      "dress": "Dress casually in cities. Cover shoulders and knees if visiting temples or religious sites. Summer is hot and humid; bring light clothing."
    },
    "food_drink": {
      "must_try": [
        "Peking Duck (Beijing)",
        "Xiaolongbao dumplings (Shanghai)",
        "Chongqing hotpot (Sichuan)",
        "Biangbiang noodles (Xi’an)",
        "Street skewers and night market snacks"
      ],
      "etiquette": "Meals are shared, dishes are placed in the center. Don’t stick chopsticks upright in rice (bad luck). Toasting is common at dinners — it’s polite to clink glasses slightly lower than elders."
    },
    "budget": {
      "backpacker": "$30–50/day in smaller cities; $50–70/day in Beijing or Shanghai with hostel stays and street food.",
      "midrange": "$80–150/day for 3-star hotels, sit-down restaurants, and high-speed trains."
    },
    "best_time": "Spring (Apr–Jun) and Autumn (Sep–Oct) have the most pleasant weather. Avoid Lunar New Year (Jan/Feb) and National Day Golden Week (first week of October) when trains and hotels are overcrowded.",
    "safety_scams": {
      "common_scams": [
        "‘Tea ceremony’ scam in Beijing and Shanghai — friendly student invites you to tea, you get charged $100+.",
        "‘Art gallery’ scam — fake art shows where you’re pressured to buy overpriced paintings.",
        "Unlicensed taxis at airports/train stations with inflated fares."
      ],
      "safety_notes": "China is very safe for travelers — violent crime is rare. Pickpocketing can happen in crowded tourist sites. Always carry your passport for hotels and train travel. Internet access is restricted (VPN recommended)."
    }
  }