{
  "destination": "Colombia",
  "region_type": "country",
  "emoji_flag": "🇨🇴",
  "metadata": {
    "highlights": ["Cartagena Old Town", "Cocora Valley", "Medellín Cable Cars"],
    "keywords": ["coffee", "arepas", "salsa", "emeralds"]
  },
  "payments": {
    "cash": "Cash (COP) needed in small shops, taxis, and rural areas.",
    "card": "Cards accepted in cities, malls, hotels. Visa/Mastercard best.",
    "mobile": "Nequi and Daviplata popular locally. Apple/Google Pay less common."
  },
  "internet": {
    "sim_esim": "Claro, Movistar, Tigo sell prepaid SIMs. eSIM options available.",
    "wifi": "Free WiFi in cafés, hotels, shopping centers.",
    "avg_speed_mbps": 45,
    "availability": "Strong in cities, weak in Amazon/rural."
  },
  "transport": {
    "passes": "No national pass. Buses and colectivos connect cities. Domestic flights cheap.",
    "apps": "Cabify, InDriver, Uber (restricted in some areas).",
    "quirks": "Night buses common. Traffic in Bogotá is severe."
  },
  "culture": {
    "tipping": "10% in restaurants. Round up taxis.",
    "closures": "Shops open late and close around 8 pm.",
    "dress": "Casual in hot climates; warmer clothing in Bogotá/Andes."
  },
  "food_drink": {
    "must_try": ["Arepas", "Bandeja Paisa", "Ajiaco", "Colombian Coffee"],
    "etiquette": "Food often shared. Coffee offered everywhere — accept politely."
  },
  "budget": {
    "backpacker": "$25–45/day",
    "midrange": "$60–120/day"
  },
  "best_time": "Dec–Mar and Jul–Aug (dry seasons).",
  "safety_scams": {
    "common_scams": ["ATM skimming", "Fake taxis", "Overpriced tours"],
    "safety_notes": "Safer than its reputation but use caution in nightlife areas."
  }
}
