{
  "destination": "Costa Rica",
  "region_type": "country",
  "emoji_flag": "🇨🇷",
  "metadata": {
    "highlights": ["Arenal Volcano", "Monteverde Cloud Forest", "Manuel Antonio"],
    "keywords": ["pura vida", "rainforest", "surfing", "wildlife"]
  },
  "payments": {
    "cash": "Colón (CRC) official, but USD widely accepted.",
    "card": "Cards accepted almost everywhere.",
    "mobile": "Apple Pay, Google Pay, and Sinpe Móvil used locally."
  },
  "internet": {
    "sim_esim": "Kolbi, Movistar, Claro. eSIM available.",
    "wifi": "Hotels, hostels, cafés offer WiFi.",
    "avg_speed_mbps": 45,
    "availability": "Good in cities, patchy in rural/nature lodges."
  },
  "transport": {
    "passes": "No national pass. Buses common and cheap.",
    "apps": "Uber in San José, DiDi also available.",
    "quirks": "Roads mountainous and slow. Car rentals common for exploring."
  },
  "culture": {
    "tipping": "10% service charge often included. Extra tip appreciated.",
    "closures": "Shops open long hours. Sundays quieter.",
    "dress": "Casual. Rain gear essential in wet season."
  },
  "food_drink": {
    "must_try": ["Gallo Pinto", "Casado", "Ceviche Tico", "Imperial Beer"],
    "etiquette": "Meals simple and hearty. 'Pura Vida' is cultural motto."
  },
  "budget": {
    "backpacker": "$40–70/day",
    "midrange": "$80–160/day"
  },
  "best_time": "Dec–Apr (dry season).",
  "safety_scams": {
    "common_scams": ["Car rental damage scams", "Overpriced tours"],
    "safety_notes": "Safe overall. Petty theft in beaches and buses."
  }
}