{
  "destination": "Croatia",
  "region_type": "country",
  "emoji_flag": "🇭🇷",
  "metadata": {
    "highlights": ["Dubrovnik Old Town", "Plitvice Lakes", "Split"],
    "keywords": ["Adriatic Sea", "Game of Thrones", "islands", "wine"]
  },
  "payments": {
    "cash": "Euro (EUR) is official currency. Cash useful for markets, ferries.",
    "card": "Cards widely accepted in hotels, restaurants.",
    "mobile": "Apple Pay and Google Pay increasingly common."
  },
  "internet": {
    "sim_esim": "Hrvatski Telekom, A1, Telemach. eSIM supported.",
    "wifi": "Hotels, cafés, and ferries provide WiFi.",
    "avg_speed_mbps": 70,
    "availability": "Excellent in cities, weaker on small islands."
  },
  "transport": {
    "passes": "No national pass. Ferries connect islands.",
    "apps": "GetByFerry, Uber, Bolt.",
    "quirks": "Ferry schedules change by season. Roads along coast scenic but winding."
  },
  "culture": {
    "tipping": "10% in restaurants. Round up taxis.",
    "closures": "Shops close Sundays in rural areas.",
    "dress": "Casual. Beachwear only at coast."
  },
  "food_drink": {
    "must_try": ["Ćevapi", "Black Risotto", "Peka", "Dalmatian Wine"],
    "etiquette": "Seafood central to coastal dining. Meals social."
  },
  "budget": {
    "backpacker": "$40–70/day",
    "midrange": "$90–160/day"
  },
  "best_time": "May–Sept for beaches. Sept–Oct for fewer crowds.",
  "safety_scams": {
    "common_scams": ["Overpriced Dubrovnik tours", "Taxi scams"],
    "safety_notes": "Very safe. Main issue is high tourist prices."
  }
}
