{
  "destination": "Cuba",
  "region_type": "country",
  "emoji_flag": "🇨🇺",
  "metadata": {
    "highlights": ["Havana Old Town", "Varadero Beaches", "Viñales Valley"],
    "keywords": ["classic cars", "cigars", "salsa", "rum"]
  },
  "payments": {
    "cash": "Cash (CUP) essential. Foreign cards often not accepted due to sanctions.",
    "card": "Some hotels accept non-US credit cards (Visa/Mastercard).",
    "mobile": "Mobile payments uncommon. Cash dominates."
  },
  "internet": {
    "sim_esim": "ETECSA offers SIMs. eSIM limited.",
    "wifi": "Available via ETECSA hotspots with prepaid cards. Hotels provide access.",
    "avg_speed_mbps": 10,
    "availability": "Limited. Best in Havana and major resorts."
  },
  "transport": {
    "passes": "No national system. Viazul buses serve tourists.",
    "apps": "Few local apps. Offline maps essential.",
    "quirks": "Classic cars as taxis. Hitchhiking organized by government in rural areas."
  },
  "culture": {
    "tipping": "10% in restaurants. Small tips for musicians and guides.",
    "closures": "Government shops close early. Tourist zones stay open longer.",
    "dress": "Casual, light clothing. Modest in rural areas."
  },
  "food_drink": {
    "must_try": ["Ropa Vieja", "Moros y Cristianos", "Tostones", "Mojito"],
    "etiquette": "Meals simple. Music often part of dining experience."
  },
  "budget": {
    "backpacker": "$30–50/day",
    "midrange": "$60–120/day"
  },
  "best_time": "Nov–Apr (dry season).",
  "safety_scams": {
    "common_scams": ["Jineteros (street hustlers)", "Fake cigars"],
    "safety_notes": "Safe overall. Petty theft in Havana tourist areas."
  }
}