{
  "destination": "Czech Republic",
  "region_type": "country",
  "emoji_flag": "🇨🇿",
  "metadata": {
    "highlights": ["Prague Castle", "Charles Bridge", "Cesky Krumlov"],
    "keywords": ["beer", "castles", "Bohemia", "tram system"]
  },
  "payments": {
    "cash": "Cash (CZK) still used in smaller shops/pubs.",
    "card": "Cards widely accepted in cities.",
    "mobile": "Apple Pay and Google Pay common in Prague."
  },
  "internet": {
    "sim_esim": "Vodafone, T-Mobile, O2. eSIM supported.",
    "wifi": "Free WiFi in hotels, cafés, and trams in Prague.",
    "avg_speed_mbps": 85,
    "availability": "Strong nationwide."
  },
  "transport": {
    "passes": "Prague transport pass covers metro, tram, buses.",
    "apps": "PID Lítačka (Prague), Google Maps.",
    "quirks": "Trams have priority. Inspectors check tickets regularly."
  },
  "culture": {
    "tipping": "Round up bills or 10%.",
    "closures": "Shops close early outside Prague.",
    "dress": "Casual. Warmer clothing in winter."
  },
  "food_drink": {
    "must_try": ["Goulash", "Svíčková", "Trdelník (tourist snack)", "Pilsner Beer"],
    "etiquette": "Clink glasses and say 'Na zdraví!' before drinking."
  },
  "budget": {
    "backpacker": "$30–50/day",
    "midrange": "$70–130/day"
  },
  "best_time": "May–Sept for warm weather. Dec for Christmas markets.",
  "safety_scams": {
    "common_scams": ["Overpriced taxis in Prague", "Currency exchange traps"],
    "safety_notes": "Safe overall. Use ATMs inside banks."
  }
}
