{
  "destination": "Denmark",
  "region_type": "country",
  "emoji_flag": "🇩🇰",
  "metadata": {
    "highlights": ["Tivoli Gardens", "Nyhavn", "The Little Mermaid"],
    "keywords": ["hygge", "cycling", "Vikings", "design"]
  },
  "payments": {
    "cash": "Cash (DKK) rarely used. Almost everything paid by card.",
    "card": "Visa/Mastercard accepted everywhere.",
    "mobile": "Apple Pay, Google Pay, and MobilePay widely used."
  },
  "internet": {
    "sim_esim": "TDC (YouSee), Telia, 3. eSIM supported.",
    "wifi": "Free WiFi in cafés, hotels, and public transport.",
    "avg_speed_mbps": 130,
    "availability": "Excellent nationwide."
  },
  "transport": {
    "passes": "Rejsekort for trains and buses. City passes in Copenhagen.",
    "apps": "DOT app, Google Maps, Citymapper.",
    "quirks": "Cycling dominates. Public transport punctual and pricey."
  },
  "culture": {
    "tipping": "Not customary. Round up if desired.",
    "closures": "Shops close early (6 pm) and Sundays.",
    "dress": "Smart casual. Layers needed for wind/rain."
  },
  "food_drink": {
    "must_try": ["Smørrebrød", "Frikadeller", "Danish Pastries", "Aquavit"],
    "etiquette": "Lunch is light, dinner is main meal. Beer common with meals."
  },
  "budget": {
    "backpacker": "$60–90/day",
    "midrange": "$120–220/day"
  },
  "best_time": "May–Sept for mild weather.",
  "safety_scams": {
    "common_scams": ["None significant. Rare petty theft in tourist spots."],
    "safety_notes": "One of the safest countries in the world."
  }
}
