{
  "destination": "Dominican Republic",
  "region_type": "country",
  "emoji_flag": "🇩🇴",
  "metadata": {
    "highlights": ["Punta Cana", "Santo Domingo Colonial Zone", "Samaná"],
    "keywords": ["all-inclusive resorts", "merengue", "rum", "beaches"]
  },
  "payments": {
    "cash": "Cash (DOP) used widely, especially in markets and taxis.",
    "card": "Cards accepted in hotels, resorts, and malls.",
    "mobile": "Mobile wallets limited. Cash preferred."
  },
  "internet": {
    "sim_esim": "Claro, Altice, Viva. eSIM available.",
    "wifi": "Good in resorts, weaker in towns.",
    "avg_speed_mbps": 35,
    "availability": "Strong in cities/resorts. Weak in rural areas."
  },
  "transport": {
    "passes": "No national pass. Guaguas (shared minibuses) common.",
    "apps": "Uber in Santo Domingo/Santiago. Local taxi apps exist.",
    "quirks": "Driving chaotic. Resorts often arrange transport."
  },
  "culture": {
    "tipping": "10% in restaurants, tips expected in resorts.",
    "closures": "Shops close Sundays outside resorts.",
    "dress": "Casual. Smart casual in upscale resorts."
  },
  "food_drink": {
    "must_try": ["Mangu", "Sancocho", "Tostones", "Presidente Beer"],
    "etiquette": "Meals social. Rice and beans staple."
  },
  "budget": {
    "backpacker": "$40–70/day",
    "midrange": "$80–160/day"
  },
  "best_time": "Dec–Apr (dry season).",
  "safety_scams": {
    "common_scams": ["Resort excursion scams", "Taxi overcharging"],
    "safety_notes": "Tourist resorts safe. Petty theft in cities."
  }
}