{
  "destination": "Ecuador",
  "region_type": "country",
  "emoji_flag": "🇪🇨",
  "metadata": {
    "highlights": ["Galápagos Islands", "Quito Old Town", "Cotopaxi Volcano"],
    "keywords": ["Andes", "Amazon", "equator", "wildlife"]
  },
  "payments": {
    "cash": "USD official currency. Cash essential outside cities.",
    "card": "Cards accepted in hotels, malls, big restaurants.",
    "mobile": "Mobile wallets limited. Cash dominates in Galápagos."
  },
  "internet": {
    "sim_esim": "Claro, Movistar, CNT. eSIM limited.",
    "wifi": "Hotels and cafés provide WiFi, slow in Galápagos.",
    "avg_speed_mbps": 25,
    "availability": "Good in Quito/Guayaquil. Poor in Galápagos and Amazon."
  },
  "transport": {
    "passes": "No national pass. Intercity buses widespread.",
    "apps": "Uber in Quito/Guayaquil. Cabify also available.",
    "quirks": "Domestic flights needed for Galápagos. Ferries rough between islands."
  },
  "culture": {
    "tipping": "10% in restaurants. Small tips for drivers and guides.",
    "closures": "Shops close midday in small towns.",
    "dress": "Casual. Warm layers for Andes, light clothing for coast."
  },
  "food_drink": {
    "must_try": ["Ceviche", "Llapingachos", "Encebollado", "Cuy (guinea pig)"],
    "etiquette": "Meals hearty. Sharing food common in family settings."
  },
  "budget": {
    "backpacker": "$30–50/day (mainland), $70–120/day (Galápagos)",
    "midrange": "$80–160/day mainland, $150–300/day Galápagos"
  },
  "best_time": "Jun–Sept for Andes; Dec–May for Galápagos.",
  "safety_scams": {
    "common_scams": ["Taxi scams", "Fake tour operators in Galápagos"],
    "safety_notes": "Safe overall. Be vigilant in Quito and Guayaquil."
  }
}