{
  "destination": "Egypt",
  "region_type": "country",
  "emoji_flag": "🇪🇬",
  "metadata": {
    "highlights": ["Pyramids of Giza", "Luxor Temples", "Nile Cruises"],
    "keywords": ["pharaohs", "Nile", "souks", "desert"]
  },
  "payments": {
    "cash": "Cash (EGP) widely used, especially in markets and taxis.",
    "card": "Cards accepted in hotels and tourist restaurants.",
    "mobile": "Vodafone Cash growing. Apple/Google Pay rare."
  },
  "internet": {
    "sim_esim": "Vodafone, Orange, Etisalat offer SIMs. eSIM limited.",
    "wifi": "Hotels and cafés provide WiFi, often slow.",
    "avg_speed_mbps": 25,
    "availability": "Good in cities, poor in desert areas."
  },
  "transport": {
    "passes": "No national pass. Cairo Metro cheap. Trains connect Nile Valley.",
    "apps": "Uber, Careem, Google Maps.",
    "quirks": "Taxis often avoid meters. Trains can be slow and crowded."
  },
  "culture": {
    "tipping": "Bakshish (tips) expected everywhere. Small bills essential.",
    "closures": "Friday prayers midday. Ramadan affects hours.",
    "dress": "Conservative dress outside resorts. Cover shoulders/knees at mosques."
  },
  "food_drink": {
    "must_try": ["Koshari", "Ful Medames", "Molokhia", "Fresh Juices"],
    "etiquette": "Eating with right hand traditional. Sharing food common."
  },
  "budget": {
    "backpacker": "$25–45/day",
    "midrange": "$60–120/day"
  },
  "best_time": "Oct–Apr (cooler season).",
  "safety_scams": {
    "common_scams": ["Taxi scams", "Fake guides", "Papyrus/alabaster shop scams"],
    "safety_notes": "Tourist sites safe but expect persistent hassling."
  }
}
