{
  "destination": "El Salvador",
  "region_type": "country",
  "emoji_flag": "🇸🇻",
  "metadata": {
    "highlights": ["Ruta de las Flores", "Santa Ana Volcano", "Suchitoto"],
    "keywords": ["pupusas", "surfing", "coffee", "volcanoes"]
  },
  "payments": {
    "cash": "USD is official currency. Cash widely used in markets, buses, and small shops.",
    "card": "Cards accepted in malls, hotels, and big restaurants.",
    "mobile": "Bitcoin is legal tender but not universally accepted. Mobile wallets exist but not always reliable."
  },
  "internet": {
    "sim_esim": "Claro, Tigo, Movistar sell SIMs. eSIM limited.",
    "wifi": "Available in hotels and cafés, variable quality.",
    "avg_speed_mbps": 25,
    "availability": "Decent in cities, limited in rural areas."
  },
  "transport": {
    "passes": "No national pass. Chicken buses common and cheap.",
    "apps": "Uber in San Salvador. InDriver available.",
    "quirks": "Traffic in San Salvador heavy. Intercity buses very cheap but basic."
  },
  "culture": {
    "tipping": "10% in restaurants. Not expected elsewhere.",
    "closures": "Shops close early in rural areas.",
    "dress": "Casual. Conservative dress in villages."
  },
  "food_drink": {
    "must_try": ["Pupusas", "Yuca Frita", "Tamales de Elote", "Atol"],
    "etiquette": "Meals often shared. Pupusas eaten with hands."
  },
  "budget": {
    "backpacker": "$25–40/day",
    "midrange": "$50–90/day"
  },
  "best_time": "Nov–Apr (dry season).",
  "safety_scams": {
    "common_scams": ["Overpriced taxis", "Fake tour guides"],
    "safety_notes": "Crime rates high historically but tourist areas improving."
  }
}
