{
  "destination": "Estonia",
  "region_type": "country",
  "emoji_flag": "🇪🇪",
  "metadata": {
    "highlights": ["Tallinn Old Town", "Lahemaa National Park", "Saaremaa"],
    "keywords": ["digital nation", "saunas", "Baltics", "folklore"]
  },
  "payments": {
    "cash": "Cash (EUR) accepted but rarely used.",
    "card": "Visa/Mastercard accepted everywhere.",
    "mobile": "Apple Pay, Google Pay, and local apps widely used."
  },
  "internet": {
    "sim_esim": "Telia, Elisa, Tele2. eSIM supported.",
    "wifi": "Free WiFi nationwide, even in parks and buses.",
    "avg_speed_mbps": 110,
    "availability": "Outstanding nationwide."
  },
  "transport": {
    "passes": "Tallinn residents get free public transport. Visitors can buy passes.",
    "apps": "Bolt (rides, scooters, food), Google Maps.",
    "quirks": "Digital services integrated. Bolt born in Estonia."
  },
  "culture": {
    "tipping": "10% in restaurants if service good.",
    "closures": "Shops close 7–8 pm. Sundays shorter hours.",
    "dress": "Casual. Warm layers in winter."
  },
  "food_drink": {
    "must_try": ["Black Bread", "Sprat Sandwich", "Elk Stew", "Kama Dessert"],
    "etiquette": "Dining low-key. Silence valued in public."
  },
  "budget": {
    "backpacker": "$40–70/day",
    "midrange": "$80–140/day"
  },
  "best_time": "May–Sept for mild weather. Dec for Christmas markets.",
  "safety_scams": {
    "common_scams": ["None significant. Occasional bar scams."],
    "safety_notes": "Very safe. Beware icy sidewalks in winter."
  }
}
