{
  "destination": "Finland",
  "region_type": "country",
  "emoji_flag": "🇫🇮",
  "metadata": {
    "highlights": ["Helsinki", "Lapland", "Santa Claus Village"],
    "keywords": ["sauna", "northern lights", "lakes", "reindeer"]
  },
  "payments": {
    "cash": "Cash (EUR) rarely used. Most places cashless.",
    "card": "Visa/Mastercard accepted everywhere.",
    "mobile": "MobilePay, Apple Pay, Google Pay widely used."
  },
  "internet": {
    "sim_esim": "Telia, Elisa, DNA. eSIM supported.",
    "wifi": "Excellent free WiFi in cities, airports, trains.",
    "avg_speed_mbps": 150,
    "availability": "Excellent nationwide."
  },
  "transport": {
    "passes": "HSL card in Helsinki. VR trains for long distances.",
    "apps": "HSL app, VR app, Google Maps.",
    "quirks": "Long distances north. Winter driving challenging."
  },
  "culture": {
    "tipping": "Not customary. Round up bills.",
    "closures": "Shops close 6 pm weekdays, Sundays limited.",
    "dress": "Warm layers in winter. Casual in summer."
  },
  "food_drink": {
    "must_try": ["Karjalanpiirakka", "Salmon Soup", "Reindeer", "Rye Bread"],
    "etiquette": "Sauna is central to culture. Nudity accepted."
  },
  "budget": {
    "backpacker": "$60–100/day",
    "midrange": "$120–220/day"
  },
  "best_time": "June–Aug for summer. Dec–Mar for northern lights.",
  "safety_scams": {
    "common_scams": ["Very few scams"],
    "safety_notes": "Extremely safe. Winters very cold in Lapland."
  }
}
