{
  "destination": "Germany",
  "region_type": "country",
  "emoji_flag": "🇩🇪",
  "metadata": {
    "highlights": ["Berlin Wall", "Neuschwanstein Castle", "Brandenburg Gate"],
    "keywords": ["beer", "Autobahn", "Oktoberfest", "bread"]
  },
  "payments": {
    "cash": "Cash preferred in many bakeries, cafés.",
    "card": "Visa/Mastercard more accepted since COVID, still some cash-only places.",
    "mobile": "Apple Pay, Google Pay increasingly used."
  },
  "internet": {
    "sim_esim": "Telekom, Vodafone, O2. Prepaid SIMs require ID.",
    "wifi": "WiFi common in hotels/cafés but slower than average EU.",
    "avg_speed_mbps": 65,
    "availability": "Good in cities, patchy rural."
  },
  "transport": {
    "passes": "Deutschlandticket (€49/month for regional trains, buses, metros).",
    "apps": "DB Navigator, BVG, MVV.",
    "quirks": "Validate tickets before travel. Trains can be late despite reputation."
  },
  "culture": {
    "tipping": "Round up (5–10%).",
    "closures": "Shops closed Sundays except stations/airports.",
    "dress": "Casual. Smart casual in fine dining."
  },
  "food_drink": {
    "must_try": ["Bratwurst", "Pretzels", "Schnitzel", "Beer"],
    "etiquette": "Clink glasses with eye contact."
  },
  "budget": {
    "backpacker": "$60–90/day",
    "midrange": "$120–180/day"
  },
  "best_time": "May–Sep, Dec for Christmas markets",
  "safety_scams": {
    "common_scams": ["Pickpockets in Berlin, Munich festivals"],
    "safety_notes": "Safe overall. Beware drunk crowds at Oktoberfest."
  }
}
