{
  "destination": "Greece",
  "region_type": "country",
  "emoji_flag": "🇬🇷",
  "metadata": {
    "highlights": ["Acropolis", "Santorini", "Meteora"],
    "keywords": ["islands", "gyros", "philosophy", "mythology"]
  },
  "payments": {
    "cash": "Cash still common, especially on islands.",
    "card": "Visa/Mastercard accepted widely in cities.",
    "mobile": "Apple Pay and Google Pay growing."
  },
  "internet": {
    "sim_esim": "Cosmote, Vodafone, Wind. eSIMs available.",
    "wifi": "Free WiFi in cafés, hotels.",
    "avg_speed_mbps": 60,
    "availability": "Good in Athens and main islands, weaker on small islands."
  },
  "transport": {
    "passes": "Athens Transport Ticket covers metro/buses. Ferries connect islands.",
    "apps": "Ferryhopper, Beat taxi app, OASA Telematics.",
    "quirks": "Ferries can be delayed due to weather. Island transport limited."
  },
  "culture": {
    "tipping": "Rounding up is common; 5–10% appreciated.",
    "closures": "Shops close 2–5 pm in small towns.",
    "dress": "Cover shoulders/knees in monasteries and churches."
  },
  "food_drink": {
    "must_try": ["Moussaka", "Souvlaki", "Greek Salad", "Baklava"],
    "etiquette": "Meals are social. Don't expect quick service."
  },
  "budget": {
    "backpacker": "$40–70/day",
    "midrange": "$100–180/day"
  },
  "best_time": "May–Jun, Sep for islands. Jul–Aug very hot/crowded.",
  "safety_scams": {
    "common_scams": ["Taxi overcharging in Athens"],
    "safety_notes": "Safe overall. Watch belongings in Athens metro."
  }
}
