{
  "destination": "Guatemala",
  "region_type": "country",
  "emoji_flag": "🇬🇹",
  "metadata": {
    "highlights": ["Tikal", "Lake Atitlán", "Antigua Guatemala"],
    "keywords": ["Maya", "volcanoes", "weaving", "coffee"]
  },
  "payments": {
    "cash": "Cash (quetzal) needed almost everywhere.",
    "card": "Some hotels and restaurants in Antigua/Guatemala City accept cards.",
    "mobile": "Mobile payments uncommon."
  },
  "internet": {
    "sim_esim": "Claro and Tigo sell SIMs. eSIM limited.",
    "wifi": "WiFi available in hotels and cafés in tourist towns.",
    "avg_speed_mbps": 25,
    "availability": "Good in Antigua, Lake Atitlán. Weak in rural regions."
  },
  "transport": {
    "passes": "No national pass. Chicken buses common, tourist shuttles between hubs.",
    "apps": "Limited. Maps.me useful offline.",
    "quirks": "Chicken buses cheap but crowded. Shuttles safer for tourists."
  },
  "culture": {
    "tipping": "10% in restaurants. Not required in markets.",
    "closures": "Shops may close midday in rural areas.",
    "dress": "Casual. Cover shoulders in villages and churches."
  },
  "food_drink": {
    "must_try": ["Pepián", "Tamales", "Kak'ik", "Coffee"],
    "etiquette": "Meals are family-oriented. Be respectful of Mayan customs."
  },
  "budget": {
    "backpacker": "$25–40/day",
    "midrange": "$60–100/day"
  },
  "best_time": "Nov–Apr (dry season).",
  "safety_scams": {
    "common_scams": ["Pickpockets on buses", "Overpriced tours"],
    "safety_notes": "Crime a concern in Guatemala City. Stick to tourist shuttles."
  }
}
