{
  "destination": "Honduras",
  "region_type": "country",
  "emoji_flag": "🇭🇳",
  "metadata": {
    "highlights": ["Roatán", "Copán Ruins", "Pico Bonito National Park"],
    "keywords": ["Maya", "reefs", "coffee", "Garifuna"]
  },
  "payments": {
    "cash": "Cash (lempira) essential outside tourist zones.",
    "card": "Cards accepted in resorts and big cities.",
    "mobile": "Mobile payments rare."
  },
  "internet": {
    "sim_esim": "Claro and Tigo sell SIMs. eSIM limited.",
    "wifi": "WiFi common in hotels/resorts, unreliable elsewhere.",
    "avg_speed_mbps": 25,
    "availability": "Good on Bay Islands, weak inland."
  },
  "transport": {
    "passes": "No national pass. Chicken buses common. Domestic flights link Bay Islands.",
    "apps": "Limited. Offline maps advised.",
    "quirks": "Transport safety varies. Bay Islands easy to reach by plane/ferry."
  },
  "culture": {
    "tipping": "10% in restaurants. Tips for guides/boat captains.",
    "closures": "Shops close midday in rural areas.",
    "dress": "Casual. Modest attire in towns and villages."
  },
  "food_drink": {
    "must_try": ["Baleadas", "Sopa de Caracol", "Tamales", "Horchata"],
    "etiquette": "Meals are simple and family-oriented."
  },
  "budget": {
    "backpacker": "$25–45/day",
    "midrange": "$60–100/day"
  },
  "best_time": "Dec–Apr (dry season).",
  "safety_scams": {
    "common_scams": ["Overpriced taxis", "Pickpockets in Tegucigalpa/San Pedro Sula"],
    "safety_notes": "High crime in some cities. Tourist islands are safer."
  }
}
