{
  "destination": "Hong Kong",
  "region_type": "special_administrative_region",
  "emoji_flag": "🇭🇰",
  "metadata": {
    "highlights": ["Victoria Peak", "Star Ferry", "Temple Street Market"],
    "keywords": ["dim sum", "skyline", "octopus card", "shopping"]
  },
  "payments": {
    "cash": "Cash (HKD) still common in markets and taxis.",
    "card": "Visa/Mastercard accepted in malls, hotels.",
    "mobile": "Octopus card usable via mobile. AlipayHK, WeChat Pay, Apple/Google Pay popular."
  },
  "internet": {
    "sim_esim": "CSL, SmarTone, China Mobile HK. eSIM supported.",
    "wifi": "Free WiFi in MTR, malls, cafés.",
    "avg_speed_mbps": 150,
    "availability": "Excellent nationwide."
  },
  "transport": {
    "passes": "Octopus Card essential for MTR, buses, ferries.",
    "apps": "MTR Mobile, CitybusNWFB, Google Maps.",
    "quirks": "Public transport extremely efficient. Ferries scenic and cheap."
  },
  "culture": {
    "tipping": "No tipping culture. Round up bills.",
    "closures": "Shops open late, often until 10–11 pm.",
    "dress": "Smart casual. Light clothing for humidity."
  },
  "food_drink": {
    "must_try": ["Dim Sum", "Egg Tarts", "Roast Goose", "Milk Tea"],
    "etiquette": "Tap fingers on table to thank when tea is poured."
  },
  "budget": {
    "backpacker": "$50–90/day",
    "midrange": "$100–200/day"
  },
  "best_time": "Oct–Dec for mild weather.",
  "safety_scams": {
    "common_scams": ["Fake electronics in markets", "Overpriced tailors"],
    "safety_notes": "Very safe. Political protests may affect travel."
  }
}
