{
  "destination": "Hungary",
  "region_type": "country",
  "emoji_flag": "🇭🇺",
  "metadata": {
    "highlights": ["Budapest Parliament", "Thermal Baths", "Lake Balaton"],
    "keywords": ["ruin pubs", "spas", "goulash", "Danube"]
  },
  "payments": {
    "cash": "Cash (HUF) still common, especially in small shops.",
    "card": "Cards accepted in most places. Contactless common.",
    "mobile": "Apple Pay and Google Pay increasingly popular."
  },
  "internet": {
    "sim_esim": "Vodafone, Telekom, Yettel. eSIM supported.",
    "wifi": "Hotels, cafés, and public spaces provide WiFi.",
    "avg_speed_mbps": 80,
    "availability": "Good nationwide."
  },
  "transport": {
    "passes": "Budapest travel card for metro, trams, buses.",
    "apps": "BKK FUTÁR (Budapest), Google Maps.",
    "quirks": "Metro line 1 is one of the oldest in the world. Ticket inspectors strict."
  },
  "culture": {
    "tipping": "10% in restaurants. Round up bills.",
    "closures": "Shops close early Sundays in smaller towns.",
    "dress": "Casual, but stylish in Budapest nightlife."
  },
  "food_drink": {
    "must_try": ["Goulash", "Lángos", "Kürtőskalács (chimney cake)", "Tokaji Wine"],
    "etiquette": "Clink glasses, but not with beer (historical custom)."
  },
  "budget": {
    "backpacker": "$30–50/day",
    "midrange": "$70–130/day"
  },
  "best_time": "May–Sept for warm weather. Dec for Christmas markets.",
  "safety_scams": {
    "common_scams": ["Bar scams in Budapest", "Overpriced taxis"],
    "safety_notes": "Safe overall. Be cautious in nightlife areas."
  }
}
