{
  "destination": "Iceland",
  "region_type": "country",
  "emoji_flag": "🇮🇸",
  "metadata": {
    "highlights": ["Blue Lagoon", "Golden Circle", "Northern Lights"],
    "keywords": ["volcanoes", "geysers", "glaciers", "midnight sun"]
  },
  "payments": {
    "cash": "Cash (ISK) rarely used. Most places card-only.",
    "card": "Visa/Mastercard accepted everywhere.",
    "mobile": "Apple Pay and Google Pay widely accepted."
  },
  "internet": {
    "sim_esim": "Síminn, Nova, Vodafone. eSIM supported.",
    "wifi": "Free WiFi in hotels, buses, cafés, gas stations.",
    "avg_speed_mbps": 120,
    "availability": "Excellent in cities. Rural areas still covered."
  },
  "transport": {
    "passes": "No nationwide pass. Domestic flights common. Buses limited.",
    "apps": "Straeto (buses), Google Maps, Icelandair app.",
    "quirks": "Car rentals essential. Roads icy in winter. 4x4 required for highlands."
  },
  "culture": {
    "tipping": "Not expected. Service included.",
    "closures": "Shops close 6 pm weekdays, earlier Sundays.",
    "dress": "Layered clothing for unpredictable weather."
  },
  "food_drink": {
    "must_try": ["Lamb Soup", "Hot Dogs", "Skyr", "Plokkfiskur"],
    "etiquette": "Dining informal. Queues respected strictly."
  },
  "budget": {
    "backpacker": "$70–120/day",
    "midrange": "$150–250/day"
  },
  "best_time": "Jun–Aug for midnight sun. Sept–Mar for northern lights.",
  "safety_scams": {
    "common_scams": ["Overpriced tours"],
    "safety_notes": "Extremely safe. Main risks are weather and driving conditions."
  }
}
