{
  "destination": "India",
  "region_type": "country",
  "emoji_flag": "🇮🇳",
  "metadata": {
    "highlights": ["Taj Mahal", "Varanasi", "Kerala Backwaters"],
    "keywords": ["chai", "yoga", "rickshaw", "spices"]
  },
  "payments": {
    "cash": "Cash (INR) still essential, especially outside cities.",
    "card": "Visa/Mastercard accepted in hotels, malls, and restaurants.",
    "mobile": "UPI (Google Pay, PhonePe, Paytm) widely used; often more accepted than cards."
  },
  "internet": {
    "sim_esim": "Jio, Airtel, Vodafone Idea. eSIM supported.",
    "wifi": "Hotels and cafés provide WiFi, variable quality.",
    "avg_speed_mbps": 60,
    "availability": "Excellent in cities, weak in rural/remote areas."
  },
  "transport": {
    "passes": "IRCTC train bookings required. No national metro card.",
    "apps": "Ola, Uber, IRCTC Rail Connect, RedBus.",
    "quirks": "Indian Railways massive; tickets sell out quickly. Auto-rickshaws rarely use meters."
  },
  "culture": {
    "tipping": "10% in restaurants. Small tips for porters, drivers.",
    "closures": "Shops vary by region. Temples may restrict entry times.",
    "dress": "Modest dress outside big cities. Cover shoulders/knees at temples."
  },
  "food_drink": {
    "must_try": ["Masala Dosa", "Biryani", "Chaat", "Chai"],
    "etiquette": "Eat with right hand. Avoid street food water/ice."
  },
  "budget": {
    "backpacker": "$20–35/day",
    "midrange": "$50–100/day"
  },
  "best_time": "Oct–Mar (cooler dry season).",
  "safety_scams": {
    "common_scams": ["Rickshaw/taxi scams", "Fake tour guides", "Gem scams"],
    "safety_notes": "Be cautious with tap water. Tourist scams common around monuments."
  }
}
