{
  "destination": "Indonesia",
  "region_type": "country",
  "emoji_flag": "🇮🇩",
  "metadata": {
    "highlights": ["Bali", "Borobudur Temple", "Komodo National Park"],
    "keywords": ["batik", "volcanoes", "temples", "islands"]
  },
  "payments": {
    "cash": "Cash (rupiah) needed in small shops, markets, and rural areas.",
    "card": "Cards accepted in hotels, malls, and tourist restaurants.",
    "mobile": "QRIS mobile payments growing in big cities."
  },
  "internet": {
    "sim_esim": "Telkomsel, XL, Indosat SIMs widely available. eSIM via third-party apps.",
    "wifi": "WiFi in hotels, cafés, co-working spaces in Bali/Jakarta.",
    "avg_speed_mbps": 45,
    "availability": "Good in cities and Bali, patchy in remote islands."
  },
  "transport": {
    "passes": "No national system. Local ferries and budget airlines connect islands.",
    "apps": "Grab, Gojek for rides and food.",
    "quirks": "Traffic heavy in Jakarta and Bali. Ferries often delayed."
  },
  "culture": {
    "tipping": "Not mandatory, but 5–10% appreciated.",
    "closures": "During Ramadan, some shops/restaurants close in daytime.",
    "dress": "Modest clothing outside tourist beaches. Sarong required in temples."
  },
  "food_drink": {
    "must_try": ["Nasi Goreng", "Satay", "Rendang", "Gado-Gado"],
    "etiquette": "Eat with right hand if using hands. Avoid pointing feet at people."
  },
  "budget": {
    "backpacker": "$25–45/day",
    "midrange": "$60–120/day"
  },
  "best_time": "May–September (dry season).",
  "safety_scams": {
    "common_scams": ["Motorbike rental damages", "Overpriced tours", "Fake guides at temples"],
    "safety_notes": "Watch for pickpockets in Bali. Respect local customs."
  }
}
