{
  "destination": "Ireland",
  "region_type": "country",
  "emoji_flag": "🇮🇪",
  "metadata": {
    "highlights": ["Cliffs of Moher", "Dublin", "Ring of Kerry"],
    "keywords": ["Guinness", "pubs", "castles", "green landscapes"]
  },
  "payments": {
    "cash": "Cash (EUR) accepted but less used.",
    "card": "Visa/Mastercard accepted everywhere. Contactless common.",
    "mobile": "Apple Pay and Google Pay widely used."
  },
  "internet": {
    "sim_esim": "Vodafone, Three, Eir. eSIM supported.",
    "wifi": "Free WiFi in pubs, hotels, trains, cities.",
    "avg_speed_mbps": 90,
    "availability": "Excellent nationwide, weaker in remote rural areas."
  },
  "transport": {
    "passes": "Leap Card for Dublin public transport.",
    "apps": "Transport for Ireland, Google Maps.",
    "quirks": "Driving left-hand. Roads in countryside narrow and winding."
  },
  "culture": {
    "tipping": "10% in restaurants. Round up in pubs (not required).",
    "closures": "Shops close by 6 pm outside Dublin.",
    "dress": "Casual. Bring rain gear."
  },
  "food_drink": {
    "must_try": ["Irish Stew", "Boxty", "Seafood Chowder", "Guinness"],
    "etiquette": "Pub culture important. Buy rounds of drinks."
  },
  "budget": {
    "backpacker": "$50–90/day",
    "midrange": "$100–180/day"
  },
  "best_time": "May–Sept for mild weather.",
  "safety_scams": {
    "common_scams": ["Ticket touts in Dublin", "Overpriced tours"],
    "safety_notes": "Very safe. Watch belongings in busy pubs."
  }
}
