{
  "destination": "Israel",
  "region_type": "country",
  "emoji_flag": "🇮🇱",
  "metadata": {
    "highlights": ["Jerusalem Old City", "Dead Sea", "Tel Aviv Beaches"],
    "keywords": ["religion", "kibbutz", "falafel", "start-up nation"]
  },
  "payments": {
    "cash": "Cash (ILS) still common for small purchases.",
    "card": "Visa/Mastercard accepted everywhere.",
    "mobile": "Apple Pay, Google Pay, and Bit widely used."
  },
  "internet": {
    "sim_esim": "Cellcom, Partner, Pelephone, HOT Mobile. eSIM supported.",
    "wifi": "Free WiFi in cities, cafés, hotels.",
    "avg_speed_mbps": 120,
    "availability": "Excellent nationwide."
  },
  "transport": {
    "passes": "Rav-Kav card works on buses, light rail, trains.",
    "apps": "Moovit, Google Maps, Gett Taxi.",
    "quirks": "Public transport halts Friday sunset to Saturday sunset (Shabbat)."
  },
  "culture": {
    "tipping": "10–15% in restaurants. Round up taxis.",
    "closures": "Shops close during Shabbat and religious holidays.",
    "dress": "Casual in Tel Aviv. Modest in Jerusalem and religious sites."
  },
  "food_drink": {
    "must_try": ["Falafel", "Hummus", "Shakshuka", "Sabich"],
    "etiquette": "Meals often shared. Kosher rules in many restaurants."
  },
  "budget": {
    "backpacker": "$50–90/day",
    "midrange": "$120–200/day"
  },
  "best_time": "Mar–May and Sept–Nov for mild weather.",
  "safety_scams": {
    "common_scams": ["Overpriced taxis", "Fake religious tours"],
    "safety_notes": "Security presence strong. Avoid border zones during tensions."
  }
}
