{
  "destination": "Italy",
  "region_type": "country",
  "emoji_flag": "🇮🇹",
  "metadata": {
    "highlights": ["Colosseum", "Venice Canals", "Florence Duomo"],
    "keywords": ["gelato", "espresso", "piazza", "Renaissance"]
  },
  "payments": {
    "cash": "Cash common in small trattorias, markets, taxis.",
    "card": "Visa/Mastercard widely accepted, some €10 minimum.",
    "mobile": "Apple Pay and Google Pay accepted in cities."
  },
  "internet": {
    "sim_esim": "TIM, Vodafone, WindTre, Iliad SIMs; eSIM via Airalo/Holafly.",
    "wifi": "Hotels usually provide; public WiFi unreliable.",
    "avg_speed_mbps": 70,
    "availability": "Good in cities, patchy in rural Tuscany/south."
  },
  "transport": {
    "passes": "Eurail/Interrail valid. Trenitalia & Italo run high-speed.",
    "apps": "Trenitalia, Italo, Omio.",
    "quirks": "Validate regional train tickets. High-speed doesn't require stamping."
  },
  "culture": {
    "tipping": "Not expected; round up. Coperto often added.",
    "closures": "Shops close 1–4 pm for riposo. Museums often closed Mon.",
    "dress": "Cover shoulders/knees in churches."
  },
  "food_drink": {
    "must_try": ["Pizza Napoletana", "Gelato", "Pasta Carbonara", "Risotto Milanese"],
    "etiquette": "No cappuccino after 11 am. Meals are slow and social."
  },
  "budget": {
    "backpacker": "$50–80/day",
    "midrange": "$120–200/day"
  },
  "best_time": "Apr–Jun, Sep–Oct",
  "safety_scams": {
    "common_scams": ["Fake ticket inspectors", "Bracelet scam", "Airport taxi rip-offs"],
    "safety_notes": "Pickpockets in Rome/Naples. Use official taxis."
  }
}
