{
  "destination": "Jamaica",
  "region_type": "country",
  "emoji_flag": "🇯🇲",
  "metadata": {
    "highlights": ["Dunn's River Falls", "Blue Mountains", "Seven Mile Beach"],
    "keywords": ["reggae", "rum", "jerk chicken", "beaches"]
  },
  "payments": {
    "cash": "Cash (JMD) useful in markets and taxis. USD also accepted in resorts.",
    "card": "Cards accepted in hotels, restaurants, and tourist areas.",
    "mobile": "Mobile payments limited."
  },
  "internet": {
    "sim_esim": "Digicel and Flow. eSIM available.",
    "wifi": "Hotels and resorts offer WiFi, speeds vary.",
    "avg_speed_mbps": 40,
    "availability": "Decent in cities and resorts, weaker rural."
  },
  "transport": {
    "passes": "No national pass. Route taxis common. Private shuttles for tourists.",
    "apps": "Uber in Kingston (limited). Local taxi apps exist.",
    "quirks": "Route taxis share rides. Tourists often use hotel-arranged transport."
  },
  "culture": {
    "tipping": "10–15% in restaurants. Tips for guides and drivers.",
    "closures": "Shops close early outside resorts.",
    "dress": "Casual at beaches, modest in towns."
  },
  "food_drink": {
    "must_try": ["Jerk Chicken", "Ackee and Saltfish", "Patties", "Red Stripe Beer"],
    "etiquette": "Meals are relaxed and social. Sharing food common."
  },
  "budget": {
    "backpacker": "$40–70/day",
    "midrange": "$80–160/day"
  },
  "best_time": "Dec–Apr (dry season).",
  "safety_scams": {
    "common_scams": ["Overpriced taxis", "Street hustlers"],
    "safety_notes": "Tourist areas safe. Be careful in Kingston after dark."
  }
}
