{
  "destination": "Japan",
  "region_type": "country",
  "emoji_flag": "🇯🇵",
  "metadata": {
    "highlights": ["Mount Fuji", "Tokyo Skytree", "Fushimi Inari Shrine"],
    "keywords": ["shinkansen", "ramen", "onsen", "anime"]
  },
  "payments": {
    "cash": "Cash still widely used, especially in smaller towns.",
    "card": "Visa/Mastercard accepted in hotels, big restaurants, and shops.",
    "mobile": "Mobile payments (Suica on Apple Pay/Google Pay) increasingly common."
  },
  "internet": {
    "sim_esim": "BicCamera/Airport kiosks offer SIMs. eSIMs available online.",
    "wifi": "Free WiFi at 7-Eleven, Lawson, train stations.",
    "avg_speed_mbps": 100,
    "availability": "Excellent nationwide."
  },
  "transport": {
    "passes": "JR Pass for Shinkansen, prepaid IC cards (Suica, Pasmo, ICOCA) usable nationwide.",
    "apps": "Hyperdia, Google Maps, Japan Travel Navitime.",
    "quirks": "Trains extremely punctual. Lines form neatly at platform markers."
  },
  "culture": {
    "tipping": "No tipping in Japan; may offend.",
    "closures": "Many temples close around 5 pm.",
    "dress": "Dress modestly at shrines and temples."
  },
  "food_drink": {
    "must_try": ["Sushi", "Ramen", "Okonomiyaki", "Takoyaki"],
    "etiquette": "Slurping noodles is polite. Don't stick chopsticks in rice."
  },
  "budget": {
    "backpacker": "$50–80/day",
    "midrange": "$120–200/day"
  },
  "best_time": "Mar–Apr (cherry blossoms), Oct–Nov (autumn leaves)",
  "safety_scams": {
    "common_scams": ["None major; very safe"],
    "safety_notes": "One of the safest countries. Earthquake drills common."
  }
}
