{
  "destination": "Jordan",
  "region_type": "country",
  "emoji_flag": "🇯🇴",
  "metadata": {
    "highlights": ["Petra", "Wadi Rum", "Dead Sea"],
    "keywords": ["Bedouin", "desert", "ruins", "hospitality"]
  },
  "payments": {
    "cash": "Cash (JOD) widely used, especially in markets and taxis.",
    "card": "Cards accepted in hotels, tourist restaurants.",
    "mobile": "Mobile wallets limited. Cash preferred."
  },
  "internet": {
    "sim_esim": "Zain, Orange, Umniah offer SIMs. eSIM supported.",
    "wifi": "Hotels and cafés provide WiFi, speeds vary.",
    "avg_speed_mbps": 40,
    "availability": "Good in Amman and Petra, limited in desert."
  },
  "transport": {
    "passes": "Jordan Pass includes visa and Petra entry.",
    "apps": "Careem, Uber (Amman only).",
    "quirks": "Public transport limited. Taxis common. Car rentals popular."
  },
  "culture": {
    "tipping": "10% in restaurants. Tips appreciated for guides.",
    "closures": "Friday prayers midday. Shops close during Ramadan.",
    "dress": "Conservative dress expected. Cover shoulders and knees."
  },
  "food_drink": {
    "must_try": ["Mansaf", "Falafel", "Maqluba", "Mint Tea"],
    "etiquette": "Meals often communal. Hospitality central to culture."
  },
  "budget": {
    "backpacker": "$40–70/day",
    "midrange": "$80–150/day"
  },
  "best_time": "Mar–May and Sept–Nov for comfortable weather.",
  "safety_scams": {
    "common_scams": ["Overpriced camel rides", "Fake Bedouin souvenirs"],
    "safety_notes": "Very safe for tourists. Respect local customs."
  }
}
