{
  "destination": "Kenya",
  "region_type": "country",
  "emoji_flag": "🇰🇪",
  "metadata": {
    "highlights": ["Maasai Mara", "Amboseli National Park", "Diani Beach"],
    "keywords": ["safari", "big five", "Maasai", "savannah"]
  },
  "payments": {
    "cash": "Cash (KES) used in rural areas and markets.",
    "card": "Visa/Mastercard accepted in hotels and lodges.",
    "mobile": "M-Pesa mobile money dominates everyday transactions."
  },
  "internet": {
    "sim_esim": "Safaricom, Airtel offer prepaid SIMs. eSIM available.",
    "wifi": "Hotels and cafés provide WiFi, but not always reliable.",
    "avg_speed_mbps": 30,
    "availability": "Good in Nairobi and coastal towns, weaker in safari parks."
  },
  "transport": {
    "passes": "No national system. Domestic flights common for safaris.",
    "apps": "Uber and Bolt in Nairobi/Mombasa. Little Cab also local.",
    "quirks": "Matatus (minibuses) are cheap but chaotic. Roads outside cities rough."
  },
  "culture": {
    "tipping": "10% in restaurants. $10–20/day for safari guides.",
    "closures": "Shops close early in small towns. Friday prayers midday.",
    "dress": "Light clothing for safaris. Conservative dress in rural/Islamic coastal areas."
  },
  "food_drink": {
    "must_try": ["Nyama Choma", "Ugali", "Chapati", "Tusker Beer"],
    "etiquette": "Eat with right hand when eating traditional meals."
  },
  "budget": {
    "backpacker": "$40–70/day",
    "midrange": "$100–200/day"
  },
  "best_time": "July–Oct for Great Migration safaris.",
  "safety_scams": {
    "common_scams": ["Overpriced safari tours", "Street hustlers", "Taxi scams"],
    "safety_notes": "Petty theft in Nairobi/Mombasa. Safari parks safe with guides."
  }
}
