{
  "destination": "Latvia",
  "region_type": "country",
  "emoji_flag": "🇱🇻",
  "metadata": {
    "highlights": ["Riga Old Town", "Jurmala Beach", "Gauja National Park"],
    "keywords": ["Baltics", "art nouveau", "choirs", "forests"]
  },
  "payments": {
    "cash": "Cash (EUR) accepted. Cards dominate in cities.",
    "card": "Visa/Mastercard accepted everywhere.",
    "mobile": "Apple Pay, Google Pay common."
  },
  "internet": {
    "sim_esim": "LMT, Tele2, Bite. eSIM supported.",
    "wifi": "Free WiFi in cafés, public transport, malls.",
    "avg_speed_mbps": 100,
    "availability": "Excellent nationwide."
  },
  "transport": {
    "passes": "Riga public transport passes available.",
    "apps": "Bolt, Google Maps.",
    "quirks": "Trams efficient in Riga. Regional trains basic but improving."
  },
  "culture": {
    "tipping": "10% in restaurants if not included.",
    "closures": "Shops close 6–7 pm. Sundays shorter.",
    "dress": "Casual. Warm clothing in winter."
  },
  "food_drink": {
    "must_try": ["Grey Peas with Bacon", "Rye Bread", "Piragi", "Kvass"],
    "etiquette": "Meals hearty. Toasting with beer or kvass common."
  },
  "budget": {
    "backpacker": "$35–60/day",
    "midrange": "$70–130/day"
  },
  "best_time": "May–Sept for mild weather.",
  "safety_scams": {
    "common_scams": ["Bar scams in Riga Old Town"],
    "safety_notes": "Safe overall. Watch nightlife scams."
  }
}
