{
  "destination": "Lithuania",
  "region_type": "country",
  "emoji_flag": "🇱🇹",
  "metadata": {
    "highlights": ["Vilnius Old Town", "Trakai Castle", "Curonian Spit"],
    "keywords": ["Baltics", "amber", "crosses", "forests"]
  },
  "payments": {
    "cash": "Cash (EUR) accepted. Cards widely used.",
    "card": "Visa/Mastercard accepted everywhere.",
    "mobile": "Apple Pay and Google Pay common."
  },
  "internet": {
    "sim_esim": "Telia, Tele2, Bite. eSIM supported.",
    "wifi": "Free WiFi in public spaces, cafés, hotels.",
    "avg_speed_mbps": 95,
    "availability": "Excellent nationwide."
  },
  "transport": {
    "passes": "Vilnius transport passes available.",
    "apps": "Bolt, Trafi, Google Maps.",
    "quirks": "Buses/trams efficient. Regional trains slower but cheap."
  },
  "culture": {
    "tipping": "5–10% in restaurants.",
    "closures": "Shops close early Sundays.",
    "dress": "Casual. Warm coats in winter."
  },
  "food_drink": {
    "must_try": ["Cepelinai", "Šaltibarščiai (cold beet soup)", "Kibinai", "Mead"],
    "etiquette": "Meals hearty and filling. Beer common with meals."
  },
  "budget": {
    "backpacker": "$30–55/day",
    "midrange": "$70–120/day"
  },
  "best_time": "May–Sept for warm weather. Dec for Christmas traditions.",
  "safety_scams": {
    "common_scams": ["Taxi scams"],
    "safety_notes": "Very safe. Petty theft rare but possible."
  }
}
