{
  "destination": "Macau",
  "region_type": "special_administrative_region",
  "emoji_flag": "🇲🇴",
  "metadata": {
    "highlights": ["Ruins of St. Paul's", "Macau Tower", "Cotai Strip Casinos"],
    "keywords": ["casinos", "Portuguese heritage", "egg tarts", "gambling"]
  },
  "payments": {
    "cash": "Macanese Pataca (MOP) and HKD both accepted. Cash common in small shops.",
    "card": "Cards widely accepted in casinos, hotels, malls.",
    "mobile": "Alipay, WeChat Pay, and Apple/Google Pay increasingly common."
  },
  "internet": {
    "sim_esim": "CTM, SmarTone, China Telecom. eSIM supported.",
    "wifi": "Free WiFi in hotels, casinos, and public squares.",
    "avg_speed_mbps": 100,
    "availability": "Excellent coverage throughout the city."
  },
  "transport": {
    "passes": "No universal pass. Buses affordable and reliable.",
    "apps": "Google Maps, Macau Bus Info, Alipay Taxi.",
    "quirks": "Walking is best in old town. Free casino shuttle buses common."
  },
  "culture": {
    "tipping": "Not expected. Round up in restaurants.",
    "closures": "Casinos open 24/7. Shops stay open late.",
    "dress": "Smart casual for casinos. Conservative dress in temples."
  },
  "food_drink": {
    "must_try": ["Portuguese Egg Tarts", "Minchi", "Pork Chop Bun", "Macanese Curry"],
    "etiquette": "Mix of Chinese and Portuguese dining customs."
  },
  "budget": {
    "backpacker": "$60–100/day",
    "midrange": "$120–250/day"
  },
  "best_time": "Oct–Dec for mild weather.",
  "safety_scams": {
    "common_scams": ["Fake gambling schemes", "Overpriced souvenirs"],
    "safety_notes": "Very safe. Watch for pickpockets in tourist areas."
  }
}
