{
  "destination": "Malaysia",
  "region_type": "country",
  "emoji_flag": "🇲🇾",
  "metadata": {
    "highlights": ["Petronas Towers", "Langkawi", "Borneo Rainforest"],
    "keywords": ["nasi lemak", "hawker stalls", "rainforest", "diving"]
  },
  "payments": {
    "cash": "Cash (MYR) still widely used in food courts, markets, taxis.",
    "card": "Cards accepted in hotels, malls, and chain restaurants.",
    "mobile": "GrabPay, Touch 'n Go eWallet, Apple/Google Pay growing."
  },
  "internet": {
    "sim_esim": "Maxis, Celcom, Digi, U Mobile offer tourist SIMs. eSIM supported.",
    "wifi": "Free WiFi in malls, hotels, cafés.",
    "avg_speed_mbps": 80,
    "availability": "Excellent in cities, weaker in rural Borneo."
  },
  "transport": {
    "passes": "Touch 'n Go card for KL public transport.",
    "apps": "Grab (ride-hailing & food), Moovit, Google Maps.",
    "quirks": "Buses slow outside cities. Domestic flights common for islands/Borneo."
  },
  "culture": {
    "tipping": "Not customary. Round up small bills.",
    "closures": "Fridays midday prayers affect business hours.",
    "dress": "Light clothing for heat; modest dress at religious sites."
  },
  "food_drink": {
    "must_try": ["Nasi Lemak", "Char Kway Teow", "Roti Canai", "Teh Tarik"],
    "etiquette": "Eat with right hand in traditional settings. Sharing food common."
  },
  "budget": {
    "backpacker": "$30–50/day",
    "midrange": "$60–120/day"
  },
  "best_time": "Dec–Apr for west coast, May–Sept for east coast islands.",
  "safety_scams": {
    "common_scams": ["Taxi scams", "Fake tour prices", "Pickpockets in KL"],
    "safety_notes": "Safe overall. Watch belongings in crowded areas."
  }
}
