{
  "destination": "Maldives",
  "region_type": "country",
  "emoji_flag": "🇲🇻",
  "metadata": {
    "highlights": ["Overwater Villas", "Scuba Diving", "Resort Islands"],
    "keywords": ["atolls", "snorkeling", "luxury resorts", "honeymoon"]
  },
  "payments": {
    "cash": "USD widely used in resorts. MVR needed in local islands.",
    "card": "Cards accepted in resorts, hotels, and dive shops.",
    "mobile": "Mobile payments limited."
  },
  "internet": {
    "sim_esim": "Dhiraagu, Ooredoo tourist SIMs. eSIM available.",
    "wifi": "Resorts offer WiFi, sometimes slow. Local islands improving.",
    "avg_speed_mbps": 30,
    "availability": "Varies by island. Resorts generally connected."
  },
  "transport": {
    "passes": "No passes. Transfers via seaplane or speedboat.",
    "apps": "Few apps. Resort transfers arranged directly.",
    "quirks": "Island-hopping costly. Most resorts on private islands."
  },
  "culture": {
    "tipping": "Service charge often included. $5–10/day tips common.",
    "closures": "Local islands follow strict Islamic customs.",
    "dress": "Resorts allow swimwear. Cover up on local islands."
  },
  "food_drink": {
    "must_try": ["Mas Huni", "Reef Fish Curry", "Hedhikaa Snacks", "Coconut Water"],
    "etiquette": "Meals in resorts international. On local islands, follow Islamic customs."
  },
  "budget": {
    "backpacker": "$60–100/day (local islands)",
    "midrange": "$200–400/day (resorts)"
  },
  "best_time": "Nov–Apr (dry season).",
  "safety_scams": {
    "common_scams": ["Hidden transfer fees", "Overpriced excursions"],
    "safety_notes": "Extremely safe. Risks mostly weather-related."
  }
}
