{
  "destination": "Mexico",
  "region_type": "country",
  "emoji_flag": "🇲🇽",
  "metadata": {
    "highlights": ["Chichen Itza", "Teotihuacan", "Cancún Beaches"],
    "keywords": ["tacos", "mezcal", "mariachi", "cenotes"]
  },
  "payments": {
    "cash": "Cash (MXN) widely used in markets, small shops, colectivos.",
    "card": "Visa/Mastercard accepted in hotels, malls, and restaurants. Amex less common.",
    "mobile": "Apple Pay and Google Pay available in big cities but not universal."
  },
  "internet": {
    "sim_esim": "Telcel, Movistar, AT&T offer prepaid SIMs. eSIM available.",
    "wifi": "Hotels, cafés, airports offer WiFi; variable reliability.",
    "avg_speed_mbps": 45,
    "availability": "Good in cities and tourist areas, weak in rural regions."
  },
  "transport": {
    "passes": "No national pass. Long-distance buses connect most cities.",
    "apps": "Uber, Didi, Beat in big cities. ADO for bus bookings.",
    "quirks": "Colectivos (shared vans) common in Yucatán. Driving can be chaotic."
  },
  "culture": {
    "tipping": "10–15% in restaurants. Small tips for taxis, porters.",
    "closures": "Shops open late, close late. Sundays often family days.",
    "dress": "Casual in resorts. Conservative dress in villages and churches."
  },
  "food_drink": {
    "must_try": ["Tacos al Pastor", "Mole", "Tamales", "Pozole"],
    "etiquette": "Street food is safe if busy. Don't drink tap water."
  },
  "budget": {
    "backpacker": "$30–50/day",
    "midrange": "$70–150/day"
  },
  "best_time": "December–April (dry season). Avoid hurricane season (Sept).",
  "safety_scams": {
    "common_scams": ["Taxi overcharging", "Fake police fines", "Timeshare scams in resorts"],
    "safety_notes": "Crime varies by region. Stick to tourist routes and licensed taxis."
  }
}
