{
  "destination": "Monaco",
  "region_type": "country",
  "emoji_flag": "🇲🇨",
  "metadata": {
    "highlights": ["Monte Carlo Casino", "Prince's Palace", "Formula 1 GP"],
    "keywords": ["luxury", "yachts", "casinos", "glamour"]
  },
  "payments": {
    "cash": "Euro (EUR) accepted, but rarely used.",
    "card": "Cards accepted everywhere. High-end shops expect them.",
    "mobile": "Apple Pay and Google Pay widely accepted."
  },
  "internet": {
    "sim_esim": "Use French carriers (Orange, SFR, Bouygues). eSIM supported.",
    "wifi": "Hotels, restaurants, and marinas offer WiFi.",
    "avg_speed_mbps": 120,
    "availability": "Excellent nationwide (tiny country)."
  },
  "transport": {
    "passes": "No need for passes. Buses cheap, country is walkable.",
    "apps": "Uber works from France. Google Maps accurate.",
    "quirks": "Elevators/escalators connect steep hills across the city."
  },
  "culture": {
    "tipping": "Service charge included. Round up for good service.",
    "closures": "Shops open late morning, close early evening.",
    "dress": "Smart attire expected, especially in casinos."
  },
  "food_drink": {
    "must_try": ["Barbajuan", "Socca", "Bouillabaisse", "Champagne"],
    "etiquette": "Fine dining culture strong. Reservations recommended."
  },
  "budget": {
    "backpacker": "$80–150/day (staying outside Monaco)",
    "midrange": "$200–400/day"
  },
  "best_time": "Apr–Jun and Sept–Oct. May for F1 Grand Prix.",
  "safety_scams": {
    "common_scams": ["Overpriced luxury goods"],
    "safety_notes": "Extremely safe. Heavy police presence."
  }
}
