{
  "destination": "Morocco",
  "region_type": "country",
  "emoji_flag": "🇲🇦",
  "metadata": {
    "highlights": ["Marrakech Medina", "Sahara Desert", "Chefchaouen"],
    "keywords": ["souks", "mint tea", "kasbahs", "desert"]
  },
  "payments": {
    "cash": "Cash (MAD) essential in markets and small shops.",
    "card": "Cards accepted in hotels, restaurants, malls.",
    "mobile": "Mobile payments rare. Cash dominates."
  },
  "internet": {
    "sim_esim": "Maroc Telecom, Orange, Inwi offer SIMs. eSIM available.",
    "wifi": "Hotels and riads provide WiFi. Patchy elsewhere.",
    "avg_speed_mbps": 40,
    "availability": "Good in cities, weak in Sahara and mountains."
  },
  "transport": {
    "passes": "No national pass. Trains connect major cities.",
    "apps": "Careem, local taxi apps, Google Maps.",
    "quirks": "Petit taxis shared and metered; grand taxis fixed price."
  },
  "culture": {
    "tipping": "10% in restaurants. Tips expected for guides.",
    "closures": "Friday midday prayers. Ramadan affects hours.",
    "dress": "Conservative dress recommended outside beaches."
  },
  "food_drink": {
    "must_try": ["Tagine", "Couscous", "Pastilla", "Mint Tea"],
    "etiquette": "Meals eaten from shared plates. Bread used instead of utensils."
  },
  "budget": {
    "backpacker": "$25–40/day",
    "midrange": "$60–110/day"
  },
  "best_time": "Mar–May and Sept–Nov (mild weather).",
  "safety_scams": {
    "common_scams": ["Fake guides in medinas", "Overpriced goods in souks"],
    "safety_notes": "Tourist areas safe. Expect aggressive bargaining."
  }
}
