{
  "destination": "Nepal",
  "region_type": "country",
  "emoji_flag": "🇳🇵",
  "metadata": {
    "highlights": ["Mount Everest", "Annapurna Circuit", "Kathmandu Durbar Square"],
    "keywords": ["trekking", "Buddhism", "Himalayas", "prayer flags"]
  },
  "payments": {
    "cash": "Cash (NPR) essential everywhere. ATMs in Kathmandu/Pokhara.",
    "card": "Cards accepted in hotels/restaurants in major cities.",
    "mobile": "eSewa and Khalti used locally. International mobile payments rare."
  },
  "internet": {
    "sim_esim": "Ncell and Nepal Telecom SIMs. eSIM limited.",
    "wifi": "Hotels and cafés provide WiFi. Trekking lodges charge for use.",
    "avg_speed_mbps": 20,
    "availability": "Good in cities, very weak in mountain regions."
  },
  "transport": {
    "passes": "TIMS and permits required for trekking.",
    "apps": "Few transport apps. Offline maps essential.",
    "quirks": "Roads rough. Domestic flights often delayed by weather."
  },
  "culture": {
    "tipping": "10% in restaurants. $5–10/day tips for trekking guides/porters.",
    "closures": "Shops close during major festivals.",
    "dress": "Modest clothing in villages/temples. Warm layers for trekking."
  },
  "food_drink": {
    "must_try": ["Dal Bhat", "Momos", "Thukpa", "Butter Tea"],
    "etiquette": "Eat with right hand. Dal Bhat eaten daily by locals."
  },
  "budget": {
    "backpacker": "$20–35/day",
    "midrange": "$50–100/day"
  },
  "best_time": "Oct–Nov and Mar–Apr for trekking.",
  "safety_scams": {
    "common_scams": ["Fake trekking guides", "Overpriced gear in Thamel"],
    "safety_notes": "Altitude sickness serious risk. Use registered trekking agencies."
  }
}
