{
  "destination": "Netherlands",
  "region_type": "country",
  "emoji_flag": "🇳🇱",
  "metadata": {
    "highlights": ["Amsterdam Canals", "Keukenhof Tulips", "Van Gogh Museum"],
    "keywords": ["bicycles", "windmills", "stroopwafels", "canals"]
  },
  "payments": {
    "cash": "Cash (EUR) accepted, but less used.",
    "card": "Cards dominate. Maestro and Visa/Mastercard accepted everywhere.",
    "mobile": "Apple Pay and Google Pay standard nationwide."
  },
  "internet": {
    "sim_esim": "KPN, Vodafone, T-Mobile. eSIM supported.",
    "wifi": "Free WiFi in cafés, stations, hotels.",
    "avg_speed_mbps": 120,
    "availability": "Excellent nationwide."
  },
  "transport": {
    "passes": "OV-chipkaart for trains, trams, and buses.",
    "apps": "NS (trains), 9292 (public transport), Google Maps.",
    "quirks": "Cycling is the main way to get around. Watch for bike lanes."
  },
  "culture": {
    "tipping": "Round up or 5–10% in restaurants.",
    "closures": "Shops close early (6 pm) outside cities.",
    "dress": "Casual and practical. Bring rain gear."
  },
  "food_drink": {
    "must_try": ["Stroopwafels", "Bitterballen", "Poffertjes", "Herring"],
    "etiquette": "Eating herring by the tail is traditional."
  },
  "budget": {
    "backpacker": "$50–80/day",
    "midrange": "$120–200/day"
  },
  "best_time": "Apr–May (tulips) and Sept–Oct (milder weather).",
  "safety_scams": {
    "common_scams": ["Bike rental scams", "Pickpockets in Amsterdam"],
    "safety_notes": "Very safe. Watch belongings in tourist hubs."
  }
}
