{
  "destination": "New Zealand",
  "region_type": "country",
  "emoji_flag": "🇳🇿",
  "metadata": {
    "highlights": ["Milford Sound", "Rotorua", "Hobbiton"],
    "keywords": ["kiwi", "Lord of the Rings", "bungy jumping", "hiking"]
  },
  "payments": {
    "cash": "Cash (NZD) accepted but rarely needed.",
    "card": "Visa/Mastercard accepted everywhere. Contactless common.",
    "mobile": "Apple Pay and Google Pay widely used."
  },
  "internet": {
    "sim_esim": "Spark, Vodafone (One NZ), 2degrees. eSIM available.",
    "wifi": "Free WiFi in libraries, cafés, hotels.",
    "avg_speed_mbps": 70,
    "availability": "Excellent in cities, patchy in national parks."
  },
  "transport": {
    "passes": "InterCity bus passes. Scenic trains limited.",
    "apps": "Google Maps, InterCity, Uber (Auckland, Wellington).",
    "quirks": "Driving essential for exploring. Roads narrow and winding."
  },
  "culture": {
    "tipping": "Not customary. Round up for good service.",
    "closures": "Shops close early in small towns.",
    "dress": "Casual outdoorsy style. Layers needed for variable weather."
  },
  "food_drink": {
    "must_try": ["Hangi", "Pavlova", "Fish and Chips", "Green-Lipped Mussels"],
    "etiquette": "Very laid back. BBQs are social gatherings."
  },
  "budget": {
    "backpacker": "$50–80/day",
    "midrange": "$100–180/day"
  },
  "best_time": "Dec–Feb for summer, Jun–Aug for skiing.",
  "safety_scams": {
    "common_scams": ["Rental car scams (damage disputes)"],
    "safety_notes": "Very safe. Outdoor risks (hiking, weather) are main concern."
  }
}
