{
  "destination": "Nicaragua",
  "region_type": "country",
  "emoji_flag": "🇳🇮",
  "metadata": {
    "highlights": ["Granada", "Ometepe Island", "Masaya Volcano"],
    "keywords": ["surfing", "lakes", "volcanoes", "rum"]
  },
  "payments": {
    "cash": "Cordoba is official currency, but USD widely accepted. Cash essential in small towns.",
    "card": "Cards accepted in hotels, malls, tourist restaurants.",
    "mobile": "Mobile payments rare."
  },
  "internet": {
    "sim_esim": "Claro and Tigo main carriers. eSIM limited.",
    "wifi": "Hotels and hostels provide WiFi. Variable speeds.",
    "avg_speed_mbps": 20,
    "availability": "Good in Managua, Granada, San Juan del Sur. Weak in rural regions."
  },
  "transport": {
    "passes": "No national pass. Chicken buses common. Shuttles available for tourists.",
    "apps": "Very limited. Offline maps recommended.",
    "quirks": "Chicken buses cheap but crowded. Roads between cities decent."
  },
  "culture": {
    "tipping": "10% in restaurants. Rounding up taxis appreciated.",
    "closures": "Small shops may close mid-afternoon.",
    "dress": "Casual. Conservative clothing in rural areas."
  },
  "food_drink": {
    "must_try": ["Gallo Pinto", "Nacatamales", "Vigorón", "Flor de Caña Rum"],
    "etiquette": "Food portions are generous. Meals are social events."
  },
  "budget": {
    "backpacker": "$20–35/day",
    "midrange": "$50–90/day"
  },
  "best_time": "Nov–Apr (dry season).",
  "safety_scams": {
    "common_scams": ["Taxi scams", "Overpriced tours"],
    "safety_notes": "Political protests occasionally occur. Tourist zones safer."
  }
}
