{
  "destination": "Norway",
  "region_type": "country",
  "emoji_flag": "🇳🇴",
  "metadata": {
    "highlights": ["Fjords", "Lofoten Islands", "Northern Lights"],
    "keywords": ["fjords", "Vikings", "hiking", "aurora borealis"]
  },
  "payments": {
    "cash": "Cash (NOK) rarely used. Many places cashless.",
    "card": "Visa/Mastercard accepted everywhere.",
    "mobile": "Apple Pay, Google Pay, and Vipps widely used."
  },
  "internet": {
    "sim_esim": "Telenor, Telia, Ice. eSIM supported.",
    "wifi": "Free WiFi in hotels, cafés, public transport.",
    "avg_speed_mbps": 120,
    "availability": "Excellent nationwide, even in remote fjords."
  },
  "transport": {
    "passes": "Vy rail passes, Oslo Pass for city attractions/transport.",
    "apps": "Vy app, Entur, Google Maps.",
    "quirks": "Ferries integral part of transport. Distances long, flights common."
  },
  "culture": {
    "tipping": "Not expected. Round up in restaurants.",
    "closures": "Shops close 5–6 pm, closed Sundays.",
    "dress": "Outdoor gear essential. Layers for variable weather."
  },
  "food_drink": {
    "must_try": ["Salmon", "Brunost (brown cheese)", "Lutefisk", "Cloudberries"],
    "etiquette": "Meals simple. Fika-style coffee breaks common."
  },
  "budget": {
    "backpacker": "$70–120/day",
    "midrange": "$150–300/day"
  },
  "best_time": "May–Sept for fjords. Oct–Mar for northern lights.",
  "safety_scams": {
    "common_scams": ["Overpriced souvenirs"],
    "safety_notes": "Extremely safe. Main issue is very high costs."
  }
}
