{
  "destination": "Panama",
  "region_type": "country",
  "emoji_flag": "🇵🇦",
  "metadata": {
    "highlights": ["Panama Canal", "Casco Viejo", "San Blas Islands"],
    "keywords": ["canal", "coffee", "rainforest", "beaches"]
  },
  "payments": {
    "cash": "USD used officially (Balboa coins also). Cash needed for small purchases.",
    "card": "Visa/Mastercard accepted in cities and malls.",
    "mobile": "Mobile payments limited. Cash preferred in rural areas."
  },
  "internet": {
    "sim_esim": "Claro, Tigo, Digicel, Más Móvil. eSIM supported.",
    "wifi": "Hotels, malls, and cafés provide WiFi.",
    "avg_speed_mbps": 50,
    "availability": "Good in cities, weak in remote islands."
  },
  "transport": {
    "passes": "Metro cards in Panama City.",
    "apps": "Uber, Cabify, Google Maps.",
    "quirks": "Buses cheap but basic. Water taxis common in island regions."
  },
  "culture": {
    "tipping": "10% in restaurants. Small tips appreciated.",
    "closures": "Shops close early in rural areas.",
    "dress": "Casual. Light clothing for humidity."
  },
  "food_drink": {
    "must_try": ["Sancocho de Gallina", "Ropa Vieja", "Empanadas", "Seco Herrerano"],
    "etiquette": "Meals casual. Sharing food common."
  },
  "budget": {
    "backpacker": "$35–60/day",
    "midrange": "$70–140/day"
  },
  "best_time": "Dec–Apr (dry season).",
  "safety_scams": {
    "common_scams": ["Taxi scams", "Overpriced canal tours"],
    "safety_notes": "Safe overall. Avoid Darién Gap region."
  }
}