{
  "destination": "Peru",
  "region_type": "country",
  "emoji_flag": "🇵🇪",
  "metadata": {
    "highlights": ["Machu Picchu", "Sacred Valley", "Nazca Lines"],
    "keywords": ["alpaca", "ceviche", "Andes", "Inca"]
  },
  "payments": {
    "cash": "Cash (soles) needed for markets, taxis, rural areas.",
    "card": "Cards accepted in cities, hotels, big restaurants.",
    "mobile": "Mobile/QR payments growing slowly."
  },
  "internet": {
    "sim_esim": "Claro, Movistar, Entel sell prepaid SIMs. eSIM available.",
    "wifi": "Hotels and cafés provide free WiFi, but speeds vary.",
    "avg_speed_mbps": 35,
    "availability": "Good in Lima/Cusco, poor in rural Andes."
  },
  "transport": {
    "passes": "No national system. Peru Hop buses popular with travelers.",
    "apps": "Beat taxi, InDriver, Google Maps.",
    "quirks": "Altitude affects travel in Andes. Roads winding and slow."
  },
  "culture": {
    "tipping": "10% in restaurants. Round up taxis.",
    "closures": "Shops close mid-day in small towns.",
    "dress": "Layered clothing for altitude. Modest attire in villages."
  },
  "food_drink": {
    "must_try": ["Ceviche", "Lomo Saltado", "Cuy (guinea pig)", "Pisco Sour"],
    "etiquette": "Food is shared at family meals. Accept offers politely."
  },
  "budget": {
    "backpacker": "$25–40/day",
    "midrange": "$60–100/day"
  },
  "best_time": "May–Sept (dry season, best for trekking).",
  "safety_scams": {
    "common_scams": ["Fake taxis in Lima", "Pickpockets in Cusco", "Overpriced tours"],
    "safety_notes": "Altitude sickness is a bigger risk than crime. Use official taxis."
  }
}
