{
  "destination": "Philippines",
  "region_type": "country",
  "emoji_flag": "🇵🇭",
  "metadata": {
    "highlights": ["Boracay", "Chocolate Hills", "Palawan"],
    "keywords": ["islands", "jeepneys", "beaches", "diving"]
  },
  "payments": {
    "cash": "Cash (PHP) essential in most areas, especially islands.",
    "card": "Cards accepted in malls, hotels, and big restaurants.",
    "mobile": "GCash and Maya are widespread. Apple/Google Pay limited."
  },
  "internet": {
    "sim_esim": "Globe and Smart offer prepaid SIMs. eSIM supported.",
    "wifi": "Available in hotels and cafés, but unreliable.",
    "avg_speed_mbps": 35,
    "availability": "Patchy nationwide. Strongest in Manila/Cebu."
  },
  "transport": {
    "passes": "No national system. Jeepneys, tricycles, ferries common.",
    "apps": "Grab in Manila/Cebu. Sakay.ph for transport info.",
    "quirks": "Domestic flights crucial for island-hopping. Traffic heavy in Manila."
  },
  "culture": {
    "tipping": "10% in restaurants if service charge not included.",
    "closures": "Shops open long hours. Sundays are family days.",
    "dress": "Casual. Light clothing for heat. Modest dress in rural areas."
  },
  "food_drink": {
    "must_try": ["Adobo", "Sinigang", "Lechon", "Halo-Halo"],
    "etiquette": "Meals are social. Sharing dishes common."
  },
  "budget": {
    "backpacker": "$25–45/day",
    "midrange": "$60–120/day"
  },
  "best_time": "Dec–May (dry season).",
  "safety_scams": {
    "common_scams": ["Taxi overcharging", "Fake tour packages", "Pickpockets"],
    "safety_notes": "Avoid Mindanao. Use official taxis or Grab."
  }
}
