{
  "destination": "Poland",
  "region_type": "country",
  "emoji_flag": "🇵🇱",
  "metadata": {
    "highlights": ["Kraków Old Town", "Wawel Castle", "Auschwitz Memorial"],
    "keywords": ["pierogi", "vodka", "castles", "history"]
  },
  "payments": {
    "cash": "Cash (PLN) still common in small shops and markets.",
    "card": "Visa/Mastercard accepted almost everywhere.",
    "mobile": "Apple Pay, Google Pay, and BLIK widely used."
  },
  "internet": {
    "sim_esim": "Orange, T-Mobile, Play, Plus. eSIM supported.",
    "wifi": "Hotels, cafés, and public spaces offer free WiFi.",
    "avg_speed_mbps": 75,
    "availability": "Excellent nationwide."
  },
  "transport": {
    "passes": "City passes in Kraków, Warsaw. PKP rail connects cities.",
    "apps": "Jakdojade (public transport), Uber, Bolt.",
    "quirks": "Trains modern but some rural lines slow. Tickets checked frequently."
  },
  "culture": {
    "tipping": "10% in restaurants if service good.",
    "closures": "Shops closed Sundays except tourist zones.",
    "dress": "Casual. Warm layers needed in winter."
  },
  "food_drink": {
    "must_try": ["Pierogi", "Żurek Soup", "Bigos", "Polish Vodka"],
    "etiquette": "Toasts with vodka common. Say 'Na zdrowie!'."
  },
  "budget": {
    "backpacker": "$30–50/day",
    "midrange": "$70–130/day"
  },
  "best_time": "May–Sept for warm weather. Dec for Christmas markets.",
  "safety_scams": {
    "common_scams": ["Bar scams", "Fake taxis"],
    "safety_notes": "Safe overall. Watch for petty theft in tourist zones."
  }
}
