{
  "destination": "Portugal",
  "region_type": "country",
  "emoji_flag": "🇵🇹",
  "metadata": {
    "highlights": ["Lisbon Tram 28", "Porto Ribeira", "Algarve Beaches"],
    "keywords": ["fado", "bacalhau", "surfing", "port wine"]
  },
  "payments": {
    "cash": "Still useful in markets and small cafés.",
    "card": "Visa/Mastercard widely accepted.",
    "mobile": "Apple Pay, Google Pay accepted in cities."
  },
  "internet": {
    "sim_esim": "NOS, Vodafone, MEO sell prepaid SIMs. eSIMs available.",
    "wifi": "Free WiFi in cafés, hotels, transport hubs.",
    "avg_speed_mbps": 80,
    "availability": "Strong coverage in most areas."
  },
  "transport": {
    "passes": "Lisboa Card covers metro, trams, buses, some museums.",
    "apps": "CP Trains, Carris, Uber/Bolt.",
    "quirks": "Old trams crowded, tourist-heavy. Trains affordable but slower than Spain/France."
  },
  "culture": {
    "tipping": "Not required, but 5–10% appreciated.",
    "closures": "Shops often close Sundays.",
    "dress": "Casual. Cover shoulders in churches."
  },
  "food_drink": {
    "must_try": ["Pastel de Nata", "Bacalhau à Brás", "Francesinha", "Port Wine"],
    "etiquette": "Don't rush meals. Bread/olives sometimes added to bill automatically."
  },
  "budget": {
    "backpacker": "$40–70/day",
    "midrange": "$100–160/day"
  },
  "best_time": "Apr–Jun, Sep–Oct",
  "safety_scams": {
    "common_scams": ["Pickpockets on Lisbon Tram 28"],
    "safety_notes": "Safe country. Watch valuables in tourist trams."
  }
}
