{
  "destination": "Puerto Rico",
  "region_type": "territory",
  "emoji_flag": "🇵🇷",
  "metadata": {
    "highlights": ["Old San Juan", "El Yunque Rainforest", "Culebra Beaches"],
    "keywords": ["salsa", "coffee", "rum", "beaches"]
  },
  "payments": {
    "cash": "USD is official currency. Cash useful for small shops and food kiosks.",
    "card": "Visa/Mastercard widely accepted.",
    "mobile": "Apple Pay and Google Pay accepted in cities."
  },
  "internet": {
    "sim_esim": "AT&T, T-Mobile, Claro. eSIM supported.",
    "wifi": "Strong in hotels, restaurants, and malls.",
    "avg_speed_mbps": 70,
    "availability": "Good coverage across the island."
  },
  "transport": {
    "passes": "No national system. Rental cars most practical.",
    "apps": "Uber available in San Juan. Google Maps reliable.",
    "quirks": "Public transport limited. Driving easiest way to explore."
  },
  "culture": {
    "tipping": "15–20% in restaurants. Tips expected for taxis and bars.",
    "closures": "Shops generally 9–7. Malls open late.",
    "dress": "Casual. Beachwear at coast, smart casual in restaurants."
  },
  "food_drink": {
    "must_try": ["Mofongo", "Lechón", "Pastelón", "Piña Colada"],
    "etiquette": "Meals are lively and family-oriented."
  },
  "budget": {
    "backpacker": "$40–70/day",
    "midrange": "$80–150/day"
  },
  "best_time": "Dec–Apr (dry season).",
  "safety_scams": {
    "common_scams": ["Timeshare scams", "Overpriced taxis"],
    "safety_notes": "Safe overall. Crime lower than mainland US in tourist zones."
  }
}
