{
  "destination": "Qatar",
  "region_type": "country",
  "emoji_flag": "🇶🇦",
  "metadata": {
    "highlights": ["Doha Corniche", "Souq Waqif", "Museum of Islamic Art"],
    "keywords": ["luxury", "desert safari", "Doha skyline", "sports"]
  },
  "payments": {
    "cash": "Cash (QAR) used but cards dominate.",
    "card": "Visa/Mastercard accepted everywhere.",
    "mobile": "Apple Pay, Google Pay, Ooredoo Pay widely accepted."
  },
  "internet": {
    "sim_esim": "Ooredoo and Vodafone Qatar offer tourist SIMs. eSIM supported.",
    "wifi": "Free WiFi in malls, airports, and hotels.",
    "avg_speed_mbps": 150,
    "availability": "Excellent nationwide."
  },
  "transport": {
    "passes": "Doha Metro cards available. Taxis affordable.",
    "apps": "Karwa Taxi, Uber, Careem.",
    "quirks": "Doha Metro new, clean, efficient. Limited beyond city."
  },
  "culture": {
    "tipping": "10% in restaurants. Tips for porters/drivers.",
    "closures": "Fridays affect hours. Ramadan strict on public eating.",
    "dress": "Conservative dress expected in public. Swimwear at resorts only."
  },
  "food_drink": {
    "must_try": ["Machboos", "Harees", "Dates", "Karak Tea"],
    "etiquette": "Hospitality important. Accept coffee/tea if offered."
  },
  "budget": {
    "backpacker": "$50–90/day",
    "midrange": "$120–250/day"
  },
  "best_time": "Nov–Mar (mild weather).",
  "safety_scams": {
    "common_scams": ["Overpriced tours"],
    "safety_notes": "Extremely safe. Respect local laws."
  }
}
