{
  "destination": "Russia",
  "region_type": "country",
  "emoji_flag": "🇷🇺",
  "metadata": {
    "highlights": ["Red Square", "Hermitage Museum", "Trans-Siberian Railway"],
    "keywords": ["vodka", "matryoshka dolls", "ballet", "kremlin"]
  },
  "payments": {
    "cash": "Cash (RUB) widely used. ATMs available in cities.",
    "card": "International sanctions limit card use. Local MIR cards dominate.",
    "mobile": "Mobile payments mostly local apps (YooMoney, MIR Pay)."
  },
  "internet": {
    "sim_esim": "MTS, Beeline, Megafon. eSIM limited.",
    "wifi": "Free WiFi in cities, metros, cafés.",
    "avg_speed_mbps": 60,
    "availability": "Good in cities, patchy rural."
  },
  "transport": {
    "passes": "Troika card for Moscow Metro. St. Petersburg has Podorozhnik card.",
    "apps": "Yandex Maps, 2GIS, Yandex Taxi.",
    "quirks": "Distances huge. Domestic flights common. Metro ornate but crowded."
  },
  "culture": {
    "tipping": "10% in restaurants. Not expected elsewhere.",
    "closures": "Museums closed Mondays. Religious holidays observed.",
    "dress": "Smart casual. Cover heads in Orthodox churches."
  },
  "food_drink": {
    "must_try": ["Borscht", "Pelmeni", "Blini", "Kvass"],
    "etiquette": "Toasts with vodka common. Meals hearty and social."
  },
  "budget": {
    "backpacker": "$30–60/day",
    "midrange": "$80–150/day"
  },
  "best_time": "May–Sept for cities. Dec–Feb for winter activities.",
  "safety_scams": {
    "common_scams": ["Taxi scams", "Pickpockets in metros", "Fake police"],
    "safety_notes": "Be cautious politically. Tourist areas safe but crowded."
  }
}
