{
  "destination": "Saudi Arabia",
  "region_type": "country",
  "emoji_flag": "🇸🇦",
  "metadata": {
    "highlights": ["AlUla", "Riyadh", "Jeddah Corniche"],
    "keywords": ["Mecca", "Vision 2030", "desert", "heritage"]
  },
  "payments": {
    "cash": "Cash (SAR) still used, but cards dominate in cities.",
    "card": "Visa/Mastercard accepted almost everywhere.",
    "mobile": "Apple Pay, STC Pay, Mada Pay widely used."
  },
  "internet": {
    "sim_esim": "STC, Mobily, Zain. eSIM supported.",
    "wifi": "Hotels, malls, airports provide WiFi.",
    "avg_speed_mbps": 110,
    "availability": "Excellent in cities, weaker in desert regions."
  },
  "transport": {
    "passes": "No nationwide pass. Riyadh Metro under development.",
    "apps": "Careem, Uber, Google Maps.",
    "quirks": "Intercity flights common due to large distances."
  },
  "culture": {
    "tipping": "10% in restaurants. Tips appreciated for drivers/guides.",
    "closures": "Prayer times affect opening hours. Fridays quieter.",
    "dress": "Modest clothing required. Abaya not mandatory for foreign women, but conservative dress expected."
  },
  "food_drink": {
    "must_try": ["Kabsa", "Shawarma", "Dates", "Arabic Coffee"],
    "etiquette": "Meals often communal. Eat with right hand."
  },
  "budget": {
    "backpacker": "$50–80/day",
    "midrange": "$120–200/day"
  },
  "best_time": "Nov–Mar (cooler season).",
  "safety_scams": {
    "common_scams": ["Fake tour operators"],
    "safety_notes": "Tourist areas safe. Respect local laws and customs."
  }
}
