{
  "destination": "Singapore",
  "region_type": "country",
  "emoji_flag": "🇸🇬",
  "metadata": {
    "highlights": ["Marina Bay Sands", "Gardens by the Bay", "Sentosa Island"],
    "keywords": ["hawker centers", "Merlion", "orchids", "clean city"]
  },
  "payments": {
    "cash": "Cash (SGD) still used in hawker centers.",
    "card": "Visa/Mastercard widely accepted.",
    "mobile": "PayNow, Apple Pay, and Google Pay widely used."
  },
  "internet": {
    "sim_esim": "Singtel, StarHub, M1 tourist SIMs. eSIM available.",
    "wifi": "Free WiFi in malls, MRT, airports, cafés.",
    "avg_speed_mbps": 200,
    "availability": "World-class coverage nationwide."
  },
  "transport": {
    "passes": "EZ-Link or NETS FlashPay card for MRT and buses. Tourist passes available.",
    "apps": "Grab, Google Maps, Citymapper.",
    "quirks": "MRT extremely reliable. Fines for eating/drinking inside stations."
  },
  "culture": {
    "tipping": "No tipping culture. 10% service charge added automatically.",
    "closures": "Most shops open daily until late.",
    "dress": "Light clothing for heat. Smart casual in high-end venues."
  },
  "food_drink": {
    "must_try": ["Hainanese Chicken Rice", "Laksa", "Chilli Crab", "Satay"],
    "etiquette": "Order and return trays in hawker centers. Queuing respected."
  },
  "budget": {
    "backpacker": "$50–80/day",
    "midrange": "$100–200/day"
  },
  "best_time": "Year-round, though humid. Feb–Apr slightly drier.",
  "safety_scams": {
    "common_scams": ["Electronics pricing scams on Orchard Road"],
    "safety_notes": "Extremely safe. Fines for littering, smoking in public, jaywalking."
  }
}
