{
  "destination": "South Africa",
  "region_type": "country",
  "emoji_flag": "🇿🇦",
  "metadata": {
    "highlights": ["Table Mountain", "Kruger National Park", "Cape Winelands"],
    "keywords": ["safari", "apartheid history", "wine", "beaches"]
  },
  "payments": {
    "cash": "Cash (ZAR) used in small shops and rural areas.",
    "card": "Visa/Mastercard accepted almost everywhere.",
    "mobile": "SnapScan, Zapper popular. Apple/Google Pay growing."
  },
  "internet": {
    "sim_esim": "Vodacom, MTN, Cell C offer SIMs. eSIM available.",
    "wifi": "Good in hotels, cafés, and malls.",
    "avg_speed_mbps": 60,
    "availability": "Strong in cities. Rural coverage weaker."
  },
  "transport": {
    "passes": "No national pass. Minibus taxis common but unsafe for tourists.",
    "apps": "Uber in Cape Town/Johannesburg. Google Maps.",
    "quirks": "Driving best option. Distances long, safety concerns in some areas."
  },
  "culture": {
    "tipping": "10–15% in restaurants. Tips expected for parking attendants.",
    "closures": "Shops usually close 6–8 pm.",
    "dress": "Casual. Warm clothing for safaris and early mornings."
  },
  "food_drink": {
    "must_try": ["Biltong", "Bunny Chow", "Braai", "Cape Wines"],
    "etiquette": "Braai (BBQ) central to culture. Sharing food common."
  },
  "budget": {
    "backpacker": "$35–60/day",
    "midrange": "$80–150/day"
  },
  "best_time": "May–Sept for safaris; Nov–Mar for Cape Town.",
  "safety_scams": {
    "common_scams": ["ATM scams", "Fake guides", "Overpriced tours"],
    "safety_notes": "Crime risk higher than Europe. Stay vigilant in cities."
  }
}
