{
  "destination": "South Korea",
  "region_type": "country",
  "emoji_flag": "🇰🇷",
  "metadata": {
    "highlights": ["Gyeongbokgung Palace", "Jeju Island", "DMZ"],
    "keywords": ["K-pop", "kimchi", "hanbok", "subway"]
  },
  "payments": {
    "cash": "Cash still used in markets and taxis.",
    "card": "Visa/Mastercard accepted almost everywhere.",
    "mobile": "KakaoPay, NaverPay, and Apple Pay (limited) in use."
  },
  "internet": {
    "sim_esim": "KT, SK Telecom, LG U+ tourist SIMs available at airports. eSIM offered.",
    "wifi": "Excellent free WiFi in subways, cafés, restaurants.",
    "avg_speed_mbps": 150,
    "availability": "Among the best in the world, even rural areas well covered."
  },
  "transport": {
    "passes": "T-money card works for metro, bus, and taxis nationwide.",
    "apps": "KakaoMap, Naver Map, Kakao T (taxi).",
    "quirks": "Subway signage sometimes confusing. Buses color-coded by route type."
  },
  "culture": {
    "tipping": "Not customary. May offend.",
    "closures": "Shops open late and close late. Cafés open into night.",
    "dress": "Trendy but modest. Conservative attire for temples."
  },
  "food_drink": {
    "must_try": ["Bibimbap", "Korean BBQ", "Kimchi", "Tteokbokki"],
    "etiquette": "Wait for elders to start eating. Use both hands when giving/receiving items."
  },
  "budget": {
    "backpacker": "$40–70/day",
    "midrange": "$100–180/day"
  },
  "best_time": "April–June and September–November.",
  "safety_scams": {
    "common_scams": ["Overpriced bars targeting foreigners"],
    "safety_notes": "Extremely safe. Watch for scams in nightlife districts."
  }
}
