{
  "destination": "Spain",
  "region_type": "country",
  "emoji_flag": "🇪🇸",
  "metadata": {
    "highlights": ["Sagrada Família", "Alhambra", "Park Güell"],
    "keywords": ["tapas", "siesta", "flamenco", "Gaudí"]
  },
  "payments": {
    "cash": "Used in small towns, bars, markets.",
    "card": "Visa/Mastercard accepted widely.",
    "mobile": "Apple Pay and Google Pay common."
  },
  "internet": {
    "sim_esim": "Movistar, Orange, Vodafone, Yoigo SIMs; eSIM at airports and online.",
    "wifi": "Free WiFi in plazas, cafés, hotels.",
    "avg_speed_mbps": 85,
    "availability": "Strong in cities, weaker rural."
  },
  "transport": {
    "passes": "Renfe AVE trains need booking; metro passes in Madrid/Barcelona.",
    "apps": "Renfe, Omio, Moovit.",
    "quirks": "Shops close 2–5 pm (siesta). Trains comfy but can be delayed."
  },
  "culture": {
    "tipping": "Not expected; round up small change.",
    "closures": "Shops closed Sunday. Afternoon siesta common.",
    "dress": "Casual neat; cover shoulders in cathedrals."
  },
  "food_drink": {
    "must_try": ["Tapas", "Paella", "Churros con Chocolate", "Jamón Ibérico"],
    "etiquette": "Dinner late (9–11 pm). Tapas are shared."
  },
  "budget": {
    "backpacker": "$40–70/day",
    "midrange": "$100–170/day"
  },
  "best_time": "Apr–Jun, Sep–Oct",
  "safety_scams": {
    "common_scams": ["Pickpockets in Barcelona", "Petition scam", "Distraction thefts"],
    "safety_notes": "Keep belongings close in metros/plazas."
  }
}
