{
  "destination": "Sri Lanka",
  "region_type": "country",
  "emoji_flag": "🇱🇰",
  "metadata": {
    "highlights": ["Sigiriya Rock", "Ella Train Ride", "Yala National Park"],
    "keywords": ["tea plantations", "beaches", "Buddhism", "surfing"]
  },
  "payments": {
    "cash": "Cash (LKR) essential in most places outside big cities.",
    "card": "Cards accepted in hotels and tourist restaurants.",
    "mobile": "Mobile payments slowly growing."
  },
  "internet": {
    "sim_esim": "Dialog, Mobitel, Airtel. eSIM supported.",
    "wifi": "Hotels and cafés provide WiFi, speeds vary.",
    "avg_speed_mbps": 35,
    "availability": "Good in Colombo, patchy in rural areas."
  },
  "transport": {
    "passes": "No national pass. Trains famous for scenic routes.",
    "apps": "PickMe for taxis/tuk-tuks, Uber (Colombo).",
    "quirks": "Trains scenic but slow. Tuk-tuks best for short trips."
  },
  "culture": {
    "tipping": "10% in restaurants. Small tips for drivers and guides.",
    "closures": "Shops close on Poya (full moon) days.",
    "dress": "Cover shoulders/knees at temples. Light clothing elsewhere."
  },
  "food_drink": {
    "must_try": ["Rice and Curry", "Hoppers", "Kottu Roti", "Ceylon Tea"],
    "etiquette": "Eat with right hand. Food is shared."
  },
  "budget": {
    "backpacker": "$25–40/day",
    "midrange": "$60–120/day"
  },
  "best_time": "Dec–Mar for south/west; Apr–Sept for north/east.",
  "safety_scams": {
    "common_scams": ["Tuk-tuk scams", "Fake gem shops"],
    "safety_notes": "Generally safe. Political protests occasionally disrupt travel."
  }
}
