{
  "destination": "Sweden",
  "region_type": "country",
  "emoji_flag": "🇸🇪",
  "metadata": {
    "highlights": ["Stockholm Archipelago", "Gamla Stan", "Ice Hotel"],
    "keywords": ["ABBA", "sauna", "fika", "nature"]
  },
  "payments": {
    "cash": "Cash (SEK) barely used. Many shops are cashless.",
    "card": "Cards accepted everywhere. Contactless standard.",
    "mobile": "Swish app, Apple Pay, and Google Pay widely used."
  },
  "internet": {
    "sim_esim": "Telia, Tele2, Telenor, 3. eSIM supported.",
    "wifi": "Free WiFi in cafés, trains, hotels.",
    "avg_speed_mbps": 120,
    "availability": "Excellent nationwide."
  },
  "transport": {
    "passes": "SL card for Stockholm. SJ rail for intercity travel.",
    "apps": "SL app, SJ app, Google Maps.",
    "quirks": "Public transport punctual. Long distances north–south."
  },
  "culture": {
    "tipping": "Not required. Round up in restaurants.",
    "closures": "Shops close 6–7 pm, later in cities.",
    "dress": "Casual, functional clothing. Warm layers in winter."
  },
  "food_drink": {
    "must_try": ["Meatballs", "Gravlax", "Cinnamon Buns", "Lingonberry Jam"],
    "etiquette": "Fika (coffee break) is a cultural ritual. Join in if invited."
  },
  "budget": {
    "backpacker": "$50–90/day",
    "midrange": "$120–200/day"
  },
  "best_time": "May–Sept for long days. Dec–Mar for northern lights/skiing.",
  "safety_scams": {
    "common_scams": ["Pickpockets in Stockholm"],
    "safety_notes": "Very safe. Winters extremely cold in the north."
  }
}
