{
  "destination": "Switzerland",
  "region_type": "country",
  "emoji_flag": "🇨🇭",
  "metadata": {
    "highlights": ["Matterhorn", "Swiss Alps", "Lake Geneva", "Zurich", "Bern"],
    "keywords": ["chocolate", "watches", "banking", "neutrality", "precision"]
  },
  "payments": {
    "cash": "Swiss Franc (CHF) preferred. Cash still common for small purchases.",
    "card": "Visa/Mastercard widely accepted. Amex accepted in major cities.",
    "mobile": "Apple Pay/Google Pay accepted in most places. TWINT (Swiss mobile payment) popular."
  },
  "internet": {
    "sim_esim": "Swisscom, Sunrise, Salt sell prepaid SIMs. eSIM widely available.",
    "wifi": "Free WiFi in hotels, restaurants, public transport.",
    "avg_speed_mbps": 85,
    "availability": "Excellent nationwide coverage."
  },
  "transport": {
    "public": "Swiss Travel Pass for unlimited travel. SBB trains are punctual and efficient.",
    "taxis": "Expensive but reliable. Uber available in major cities.",
    "car_rental": "International license accepted. Mountain driving requires experience.",
    "tips": "Download SBB app for train schedules. Swiss Travel Pass includes most transport."
  },
  "culture": {
    "language": "German (65%), French (20%), Italian (8%), Romansh (1%). English widely spoken.",
    "etiquette": "Punctuality is crucial. Quiet on Sundays. Remove shoes indoors.",
    "dress_code": "Smart casual. Formal for business. Warm layers for mountains.",
    "tipping": "Service included in restaurants. Round up taxi fares. Tip hotel staff."
  },
  "food": {
    "local_dishes": ["Fondue", "Raclette", "Rösti", "Swiss chocolate", "Cheese"],
    "dining_times": "Lunch 12-2pm, Dinner 6-9pm. Many restaurants close between meals.",
    "dietary": "Vegetarian options available. Gluten-free products in supermarkets.",
    "cost_meals": "Expensive: CHF 25-50 per meal. Budget: CHF 15-25."
  },
  "budget": {
    "daily_budget": "CHF 150-300 (USD 165-330)",
    "accommodation": "Hostels CHF 30-50, Hotels CHF 100-300+",
    "transport": "Swiss Travel Pass CHF 232-429 for 3-15 days",
    "activities": "Mountain activities CHF 50-150, Museums CHF 10-20"
  },
  "safety": {
    "overall": "Very safe country with low crime rates.",
    "areas_avoid": "None. All areas generally safe.",
    "scams": "Rare. Be cautious of overpriced tourist services.",
    "emergency": "112 (general), 117 (police), 118 (fire), 144 (medical)"
  },
  "health": {
    "vaccinations": "No special requirements. COVID-19 vaccination recommended.",
    "healthcare": "Excellent healthcare system. EU health card accepted.",
    "insurance": "Travel insurance recommended. Healthcare is expensive.",
    "pharmacies": "Widely available. Prescription required for some medications."
  },
  "visa": {
    "requirements": "Schengen visa for non-EU citizens. 90 days visa-free for many countries.",
    "duration": "Up to 90 days for tourism. Longer stays require residence permit.",
    "cost": "Schengen visa €80. Processing time 15-30 days."
  },
  "climate": {
    "seasons": "Summer (Jun-Aug): Warm, 20-25°C. Winter (Dec-Feb): Cold, -5 to 5°C.",
    "best_time": "Summer for hiking, Winter for skiing. Spring/Autumn for fewer crowds.",
    "weather": "Mountain weather changes quickly. Always check forecasts.",
    "clothing": "Layers essential. Waterproof jacket. Good hiking boots."
  },
  "communication": {
    "phone_code": "+41",
    "emergency_english": "Most Swiss speak English, especially in tourist areas.",
    "timezone": "CET (UTC+1), CEST (UTC+2) in summer",
    "business_hours": "Shops: Mon-Fri 9am-6:30pm, Sat 9am-5pm. Banks: Mon-Fri 8:30am-4:30pm"
  }
}