{
  "destination": "Tanzania",
  "region_type": "country",
  "emoji_flag": "🇹🇿",
  "metadata": {
    "highlights": ["Serengeti National Park", "Mount Kilimanjaro", "Zanzibar"],
    "keywords": ["safari", "beaches", "Kilimanjaro", "Swahili culture"]
  },
  "payments": {
    "cash": "Cash (TZS, USD also accepted) needed in most places.",
    "card": "Cards accepted in upscale hotels/lodges.",
    "mobile": "M-Pesa, Airtel Money used widely."
  },
  "internet": {
    "sim_esim": "Vodacom, Airtel, Tigo. eSIM limited.",
    "wifi": "Available in hotels/lodges, patchy speeds.",
    "avg_speed_mbps": 25,
    "availability": "Good in Dar es Salaam/Zanzibar, weak in safari parks."
  },
  "transport": {
    "passes": "No national system. Domestic flights common for safari/beach combo.",
    "apps": "Bolt in Dar es Salaam. Uber limited.",
    "quirks": "Daladalas (minibuses) common but crowded. Ferries connect Zanzibar."
  },
  "culture": {
    "tipping": "10% in restaurants. $10–20/day for guides/porters.",
    "closures": "Shops close early in villages. Friday prayers important.",
    "dress": "Conservative dress in Zanzibar. Light clothing for safaris."
  },
  "food_drink": {
    "must_try": ["Zanzibar Pilau", "Ugali", "Nyama Choma", "Spice Tea"],
    "etiquette": "Meals often shared. Use right hand."
  },
  "budget": {
    "backpacker": "$40–70/day",
    "midrange": "$100–180/day"
  },
  "best_time": "June–Oct for safaris, Dec–Feb for Kilimanjaro climbs.",
  "safety_scams": {
    "common_scams": ["Fake safari companies", "Overpriced Zanzibar tours"],
    "safety_notes": "Tourist areas safe. Petty theft in Dar es Salaam/Zanzibar Stone Town."
  }
}
