{
  "destination": "Thailand",
  "region_type": "country",
  "emoji_flag": "🇹🇭",
  "metadata": {
    "highlights": ["Grand Palace", "Chiang Mai Temples", "Phuket Beaches"],
    "keywords": ["street food", "tuk-tuk", "elephants", "islands"]
  },
  "payments": {
    "cash": "Cash (baht) widely used. Needed for street food, markets, transport.",
    "card": "Cards accepted in malls, hotels, upscale restaurants.",
    "mobile": "Mobile payments (QR code, PromptPay) common in Bangkok."
  },
  "internet": {
    "sim_esim": "AIS, DTAC, TrueMove tourist SIMs available at airports. eSIM widely available.",
    "wifi": "Free WiFi in cafés, hotels, airports.",
    "avg_speed_mbps": 90,
    "availability": "Excellent in Bangkok, patchy on remote islands."
  },
  "transport": {
    "passes": "No national pass. BTS Skytrain in Bangkok uses Rabbit Card.",
    "apps": "Grab for taxis/food, Google Maps, 12GoAsia for trains/buses.",
    "quirks": "Tuk-tuks often overpriced. Metered taxis more reliable."
  },
  "culture": {
    "tipping": "Not required; round up bills. 10% in upscale places.",
    "closures": "Temples close around sunset.",
    "dress": "Cover shoulders/knees in temples. Light clothing for hot weather."
  },
  "food_drink": {
    "must_try": ["Pad Thai", "Green Curry", "Mango Sticky Rice", "Tom Yum Soup"],
    "etiquette": "Use spoon/fork, not chopsticks (except noodles). Don't touch head of others."
  },
  "budget": {
    "backpacker": "$30–50/day",
    "midrange": "$70–120/day"
  },
  "best_time": "Nov–Feb (cool, dry season)",
  "safety_scams": {
    "common_scams": ["Gem scams", "Tuk-tuk tours with forced shops", "Jet ski rental scams"],
    "safety_notes": "Touristy scams common, but violent crime rare. Watch bags on buses."
  }
}
