{
  "destination": "Trinidad & Tobago",
  "region_type": "country",
  "emoji_flag": "🇹🇹",
  "metadata": {
    "highlights": ["Maracas Beach", "Pitch Lake", "Carnival"],
    "keywords": ["calypso", "carnival", "steelpan", "beaches"]
  },
  "payments": {
    "cash": "Cash (TTD) common in markets and taxis.",
    "card": "Cards accepted in cities, malls, and resorts.",
    "mobile": "Mobile payments limited but growing."
  },
  "internet": {
    "sim_esim": "Digicel and bmobile offer prepaid SIMs. eSIM limited.",
    "wifi": "Hotels and restaurants provide WiFi.",
    "avg_speed_mbps": 45,
    "availability": "Good in Port of Spain and Tobago, weaker rural."
  },
  "transport": {
    "passes": "No national pass. Route taxis and maxi-taxis common.",
    "apps": "Drop Taxi app, local services.",
    "quirks": "Driving left-hand. Public transport limited outside cities."
  },
  "culture": {
    "tipping": "10% in restaurants. Tips for guides and taxis appreciated.",
    "closures": "Shops close early outside Carnival season.",
    "dress": "Casual. Carnival costumes elaborate."
  },
  "food_drink": {
    "must_try": ["Doubles", "Roti", "Pelau", "Callaloo"],
    "etiquette": "Meals often spicy. Food stalls very popular."
  },
  "budget": {
    "backpacker": "$40–70/day",
    "midrange": "$80–140/day"
  },
  "best_time": "Jan–May (dry season). Carnival in Feb/Mar is peak season.",
  "safety_scams": {
    "common_scams": ["Taxi overcharging", "Pickpockets during Carnival"],
    "safety_notes": "Tourist areas safe. Avoid certain neighborhoods at night."
  }
}
