{
  "destination": "Turkey",
  "region_type": "country",
  "emoji_flag": "🇹🇷",
  "metadata": {
    "highlights": ["Hagia Sophia", "Cappadocia", "Pamukkale"],
    "keywords": ["baklava", "hamam", "mosques", "bazaars"]
  },
  "payments": {
    "cash": "Cash (lira) still common in bazaars, taxis, small eateries.",
    "card": "Visa/Mastercard accepted widely in cities.",
    "mobile": "Apple Pay less common. Istanbul supports contactless cards."
  },
  "internet": {
    "sim_esim": "Turkcell, Vodafone, Türk Telekom offer tourist SIMs. eSIMs limited.",
    "wifi": "Hotels/cafés usually have WiFi.",
    "avg_speed_mbps": 40,
    "availability": "Good in cities, patchy rural/remote."
  },
  "transport": {
    "passes": "Istanbulkart covers metro, tram, ferry.",
    "apps": "BiTaksi, Moovit, Trafi.",
    "quirks": "Traffic heavy in Istanbul. Long-distance buses cheap and popular."
  },
  "culture": {
    "tipping": "5–10% in restaurants. Round up taxis.",
    "closures": "Mosques close to tourists during prayer times.",
    "dress": "Cover head/shoulders in mosques. Conservative dress outside tourist hubs."
  },
  "food_drink": {
    "must_try": ["Kebabs", "Baklava", "Turkish Tea", "Meze"],
    "etiquette": "Tea offered frequently — polite to accept."
  },
  "budget": {
    "backpacker": "$30–50/day",
    "midrange": "$70–120/day"
  },
  "best_time": "Apr–Jun, Sep–Oct",
  "safety_scams": {
    "common_scams": ["Rug shop overpricing", "Taxi meter scams"],
    "safety_notes": "Tourist areas generally safe; beware nightlife scams in Istanbul."
  }
}
