{
  "destination": "United Arab Emirates",
  "region_type": "country",
  "emoji_flag": "🇦🇪",
  "metadata": {
    "highlights": ["Burj Khalifa", "Sheikh Zayed Mosque", "Palm Jumeirah"],
    "keywords": ["luxury", "desert safari", "skyscrapers", "gold souk"]
  },
  "payments": {
    "cash": "Cash (AED) accepted but rarely used.",
    "card": "Visa/Mastercard accepted everywhere. Amex common in malls/hotels.",
    "mobile": "Apple Pay, Samsung Pay, and Google Pay widely used."
  },
  "internet": {
    "sim_esim": "Etisalat and Du offer tourist SIMs. eSIM supported.",
    "wifi": "Free WiFi in malls, airports, cafés.",
    "avg_speed_mbps": 150,
    "availability": "Excellent coverage nationwide."
  },
  "transport": {
    "passes": "Nol Card for Dubai metro, tram, and buses.",
    "apps": "Careem, Uber, RTA Dubai, Google Maps.",
    "quirks": "Metro clean and modern but limited routes. Taxis affordable."
  },
  "culture": {
    "tipping": "10% in restaurants. Tips for drivers/porters appreciated.",
    "closures": "Friday prayers midday. Shops stay open late.",
    "dress": "Modest dress in public. Beachwear only on beaches/pools."
  },
  "food_drink": {
    "must_try": ["Shawarma", "Machboos", "Dates", "Arabic Coffee"],
    "etiquette": "During Ramadan, avoid eating/drinking in public daylight."
  },
  "budget": {
    "backpacker": "$50–80/day",
    "midrange": "$120–250/day"
  },
  "best_time": "Nov–Mar (cooler season).",
  "safety_scams": {
    "common_scams": ["Gold/diamond pricing scams in souks"],
    "safety_notes": "Extremely safe. Follow local laws on alcohol, PDA, and dress."
  }
}
