{
  "destination": "United Kingdom",
  "region_type": "country",
  "emoji_flag": "🇬🇧",
  "metadata": {
    "highlights": ["Big Ben", "Stonehenge", "Edinburgh Castle"],
    "keywords": ["pubs", "double-decker", "football", "afternoon tea"]
  },
  "payments": {
    "cash": "Cash still works everywhere but less used.",
    "card": "Visa/Mastercard accepted everywhere. Contactless common.",
    "mobile": "Apple Pay and Google Pay widely accepted."
  },
  "internet": {
    "sim_esim": "EE, O2, Vodafone, Three. eSIM available.",
    "wifi": "Free WiFi in trains, cafés, pubs, and high streets.",
    "avg_speed_mbps": 70,
    "availability": "Excellent nationwide coverage."
  },
  "transport": {
    "passes": "Oyster or contactless in London. Railcards offer 1/3 off train fares.",
    "apps": "Trainline, National Rail, Citymapper.",
    "quirks": "Trains expensive if booked last minute. Stand on the right on London escalators."
  },
  "culture": {
    "tipping": "10% in restaurants if no service charge. No tipping in pubs.",
    "closures": "Most shops 9–6, supermarkets later.",
    "dress": "Smart casual for restaurants, casual otherwise."
  },
  "food_drink": {
    "must_try": ["Full English Breakfast", "Fish & Chips", "Sunday Roast", "Indian Curry"],
    "etiquette": "Queue politely. Say please/thank you often."
  },
  "budget": {
    "backpacker": "$70–100/day",
    "midrange": "$150–250/day"
  },
  "best_time": "May–Sep",
  "safety_scams": {
    "common_scams": ["Fake charity petitions", "ATM skimmers"],
    "safety_notes": "Generally safe. Watch bags in crowded areas."
  }
}
