{
  "destination": "United States of America",
  "region_type": "country",
  "emoji_flag": "🇺🇸",
  "metadata": {
    "highlights": ["Statue of Liberty", "Grand Canyon", "Golden Gate Bridge"],
    "keywords": ["road trip", "national parks", "baseball", "fast food"]
  },
  "payments": {
    "cash": "Cards preferred, but cash useful for tips and small vendors.",
    "card": "Visa/Mastercard accepted everywhere. Amex widely used.",
    "mobile": "Apple Pay and Google Pay common in cities."
  },
  "internet": {
    "sim_esim": "AT&T, T-Mobile, Verizon prepaid SIMs. eSIM supported.",
    "wifi": "Free WiFi in hotels, cafes, libraries, airports.",
    "avg_speed_mbps": 120,
    "availability": "Excellent in cities, limited in rural/national parks."
  },
  "transport": {
    "passes": "No national transport pass. Greyhound and Amtrak connect cities.",
    "apps": "Uber, Lyft, Google Maps.",
    "quirks": "Public transport limited outside big cities. Renting a car often necessary."
  },
  "culture": {
    "tipping": "15–20% in restaurants, $1–2 per drink at bars, tips expected for services.",
    "closures": "24/7 convenience stores common. Holidays vary by state.",
    "dress": "Casual attire common; dress up for upscale dining."
  },
  "food_drink": {
    "must_try": ["Burgers", "BBQ", "Bagels", "Clam Chowder"],
    "etiquette": "Fast food is self-service. Tipping mandatory in sit-down dining."
  },
  "budget": {
    "backpacker": "$70–120/day",
    "midrange": "$150–300/day"
  },
  "best_time": "Varies by region. Spring and Fall for most places.",
  "safety_scams": {
    "common_scams": ["Timeshare scams", "Ticket resellers", "Street donation scams"],
    "safety_notes": "Crime varies by city. Avoid unsafe neighborhoods at night."
  }
}
