{
  "destination": "Vietnam",
  "region_type": "country",
  "emoji_flag": "🇻🇳",
  "metadata": {
    "highlights": ["Ha Long Bay", "Hoi An Ancient Town", "Cu Chi Tunnels"],
    "keywords": ["pho", "motorbikes", "ao dai", "coffee"]
  },
  "payments": {
    "cash": "Cash (VND) is king. Needed for street food, markets, taxis.",
    "card": "Cards accepted in hotels, malls, and big restaurants in cities.",
    "mobile": "Mobile payments and QR codes growing in urban centers."
  },
  "internet": {
    "sim_esim": "Viettel, Mobifone, Vinaphone offer cheap SIMs. eSIM available from third parties.",
    "wifi": "Free WiFi in cafés, restaurants, hotels, even buses.",
    "avg_speed_mbps": 60,
    "availability": "Good in cities and tourist areas, weaker in rural regions."
  },
  "transport": {
    "passes": "No national pass. Motorbike rentals are most common transport for tourists.",
    "apps": "Grab for taxis and food delivery. Google Maps for navigation.",
    "quirks": "Traffic chaotic, crossing streets requires confidence. Sleeper buses common for intercity travel."
  },
  "culture": {
    "tipping": "Not expected but rounding up appreciated.",
    "closures": "Shops open late morning and stay open until evening.",
    "dress": "Light clothing for heat. Modest dress for temples."
  },
  "food_drink": {
    "must_try": ["Pho", "Banh Mi", "Bun Cha", "Vietnamese Coffee"],
    "etiquette": "Eating is communal. Don't stick chopsticks upright in rice."
  },
  "budget": {
    "backpacker": "$20–40/day",
    "midrange": "$50–100/day"
  },
  "best_time": "March–April and October–December for dry weather.",
  "safety_scams": {
    "common_scams": ["Taxi meter scams", "Overpriced tours", "Pickpockets in Hanoi/Ho Chi Minh City"],
    "safety_notes": "Traffic is the main danger. Be careful with motorbike rentals."
  }
}
