{
  "$schema": "http://json-schema.org/draft-07/schema#",
  "title": "Travel Destination Schema",
  "type": "object",
  "properties": {
    "destination": {
      "type": "string"
    },
    "region_type": {
      "type": "string",
      "enum": [
        "country",
        "city",
        "region",
        "island"
      ]
    },
    "emoji_flag": {
      "type": [
        "string",
        "null"
      ]
    },
    "metadata": {
      "type": "object",
      "properties": {
        "highlights": {
          "type": "array",
          "items": {
            "type": "string"
          }
        },
        "keywords": {
          "type": "array",
          "items": {
            "type": "string"
          }
        }
      },
      "required": [
        "highlights",
        "keywords"
      ]
    },
    "payments": {
      "type": "object",
      "properties": {
        "cash": {
          "type": "string"
        },
        "card": {
          "type": "string"
        },
        "mobile": {
          "type": "string"
        }
      },
      "required": [
        "cash",
        "card",
        "mobile"
      ]
    },
    "internet": {
      "type": "object",
      "properties": {
        "sim_esim": {
          "type": "string"
        },
        "wifi": {
          "type": "string"
        },
        "avg_speed_mbps": {
          "type": [
            "number",
            "null"
          ]
        },
        "availability": {
          "type": "string"
        }
      },
      "required": [
        "sim_esim",
        "wifi",
        "availability"
      ]
    },
    "transport": {
      "type": "object",
      "properties": {
        "passes": {
          "type": "string"
        },
        "apps": {
          "type": "string"
        },
        "quirks": {
          "type": "string"
        }
      },
      "required": [
        "passes",
        "apps",
        "quirks"
      ]
    },
    "culture": {
      "type": "object",
      "properties": {
        "tipping": {
          "type": "string"
        },
        "closures": {
          "type": "string"
        },
        "dress": {
          "type": "string"
        }
      },
      "required": [
        "tipping",
        "closures",
        "dress"
      ]
    },
    "food_drink": {
      "type": "object",
      "properties": {
        "must_try": {
          "type": "array",
          "items": {
            "type": "string"
          }
        },
        "etiquette": {
          "type": "string"
        }
      },
      "required": [
        "must_try",
        "etiquette"
      ]
    },
    "budget": {
      "type": "object",
      "properties": {
        "backpacker": {
          "type": "string"
        },
        "midrange": {
          "type": "string"
        }
      },
      "required": [
        "backpacker",
        "midrange"
      ]
    },
    "best_time": {
      "type": "string"
    },
    "safety_scams": {
      "type": "object",
      "properties": {
        "common_scams": {
          "type": "array",
          "items": {
            "type": "string"
          }
        },
        "safety_notes": {
          "type": "string"
        }
      },
      "required": [
        "common_scams",
        "safety_notes"
      ]
    }
  },
  "required": [
    "destination",
    "region_type",
    "metadata",
    "payments",
    "internet",
    "transport",
    "culture",
    "food_drink",
    "budget",
    "best_time",
    "safety_scams"
  ]
}